-- Adminer 4.8.1 MySQL 10.11.2-MariaDB-1 dump

SET NAMES utf8;
SET time_zone = '+00:00';
SET foreign_key_checks = 0;
SET sql_mode = 'NO_AUTO_VALUE_ON_ZERO';

DROP DATABASE IF EXISTS `sinpro`;
CREATE DATABASE `sinpro` /*!40100 DEFAULT CHARACTER SET latin1 COLLATE latin1_swedish_ci */;
USE `sinpro`;

DROP TABLE IF EXISTS `admin`;
CREATE TABLE `admin` (
  `id` int(11) NOT NULL AUTO_INCREMENT,
  `aname` varchar(100) NOT NULL,
  `apass` varchar(100) NOT NULL,
  `a_mail` varchar(200) NOT NULL,
  `role` char(20) NOT NULL,
  PRIMARY KEY (`id`)
) ENGINE=InnoDB DEFAULT CHARSET=latin1 COLLATE=latin1_swedish_ci;

INSERT INTO `admin` (`id`, `aname`, `apass`, `a_mail`, `role`) VALUES
(1,	'admin',	'$2y$10$KKFV7E0T5D8t5B/LKHY3ousRnWbRVloYhYN2Gq/5/ITcforJETRle',	'admin@admin.com',	'admin');

DROP TABLE IF EXISTS `barrow_books`;
CREATE TABLE `barrow_books` (
  `sbid` int(11) NOT NULL AUTO_INCREMENT,
  `sid` int(11) NOT NULL,
  `bid` int(11) NOT NULL,
  `request_date` timestamp NOT NULL DEFAULT '0000-00-00 00:00:00',
  `return_date` date NOT NULL DEFAULT '0000-00-00',
  `returned_date` datetime NOT NULL DEFAULT '0000-00-00 00:00:00' ON UPDATE current_timestamp(),
  `is_returned` int(11) NOT NULL,
  `role` varchar(10) NOT NULL,
  `remark` varchar(500) DEFAULT NULL,
  `status` int(11) NOT NULL,
  PRIMARY KEY (`sbid`)
) ENGINE=InnoDB DEFAULT CHARSET=latin1 COLLATE=latin1_swedish_ci;

INSERT INTO `barrow_books` (`sbid`, `sid`, `bid`, `request_date`, `return_date`, `returned_date`, `is_returned`, `role`, `remark`, `status`) VALUES
(86,	3,	1,	'2023-09-26 02:03:27',	'2023-10-11',	'2023-10-01 08:42:43',	1,	'staff',	'',	1),
(87,	29,	2,	'2023-09-26 02:11:00',	'2023-10-03',	'2023-10-01 08:42:50',	1,	'student',	'',	1),
(88,	29,	1,	'2023-01-28 01:13:03',	'2023-02-05',	'2023-10-01 08:42:43',	1,	'student',	'',	1),
(89,	29,	2,	'2023-09-28 01:46:10',	'2023-10-05',	'2023-10-01 08:42:50',	1,	'student',	'',	1),
(90,	3,	3,	'2023-09-28 01:46:27',	'2023-10-13',	'2023-10-01 08:42:58',	1,	'staff',	'',	1),
(91,	29,	4,	'2023-09-29 22:39:16',	'2023-10-01',	'2023-10-01 09:32:44',	1,	'student',	NULL,	1),
(92,	29,	4,	'2023-09-29 22:40:05',	'2023-10-01',	'2023-10-01 09:32:44',	1,	'student',	NULL,	1),
(93,	29,	4,	'2023-09-29 22:43:01',	'0000-00-00',	'2023-10-01 09:32:44',	1,	'student',	NULL,	1),
(94,	29,	4,	'2023-09-29 22:45:32',	'2023-10-01',	'2023-10-01 09:32:44',	1,	'student',	NULL,	1),
(95,	29,	4,	'2023-09-29 22:57:26',	'2023-10-01',	'2023-10-01 09:32:44',	1,	'student',	NULL,	1),
(96,	29,	4,	'2023-09-29 22:59:30',	'2023-10-01',	'2023-10-01 09:32:44',	1,	'student',	NULL,	1),
(97,	29,	4,	'2023-09-29 23:00:18',	'2023-10-01',	'2023-10-01 09:32:44',	1,	'student',	NULL,	1),
(98,	29,	7,	'2023-10-01 03:09:57',	'2023-10-02',	'2023-10-01 08:42:34',	1,	'student',	'',	1),
(99,	29,	8,	'2023-10-01 03:11:51',	'2023-10-02',	'2023-10-01 09:32:04',	1,	'student',	NULL,	1),
(100,	29,	8,	'2023-10-01 03:14:39',	'2023-10-02',	'2023-10-01 09:32:04',	1,	'student',	NULL,	1),
(101,	29,	4,	'2023-10-01 04:02:32',	'2023-10-02',	'2023-10-01 09:32:44',	1,	'student',	NULL,	1);

DROP TABLE IF EXISTS `books`;
CREATE TABLE `books` (
  `bid` int(11) NOT NULL AUTO_INCREMENT,
  `bno` varchar(20) NOT NULL,
  `bcode` varchar(26) NOT NULL,
  `title` varchar(150) NOT NULL,
  `aname` varchar(150) NOT NULL,
  `publication` varchar(150) NOT NULL,
  `price` varchar(150) NOT NULL,
  `year_of_publication` varchar(150) DEFAULT NULL,
  `edition` varchar(24) DEFAULT NULL,
  `shelf_id` int(11) DEFAULT NULL,
  `remark` varchar(500) DEFAULT NULL,
  `status` int(11) NOT NULL,
  PRIMARY KEY (`bid`)
) ENGINE=InnoDB DEFAULT CHARSET=latin1 COLLATE=latin1_swedish_ci;

INSERT INTO `books` (`bid`, `bno`, `bcode`, `title`, `aname`, `publication`, `price`, `year_of_publication`, `edition`, `shelf_id`, `remark`, `status`) VALUES
(1,	'M0001',	'GACCA202300001',	'A Guide to Expert System',	'D.A.Wasterman',	'Pearson',	'295',	'',	'',	1,	'',	1),
(2,	'M0002',	'GACCA202300002',	'A Guide to Expert System',	'D.A.Wasterman',	'Pearson',	'295',	'2002',	'1',	1,	'yea',	1),
(3,	'M0003',	'GACCA202300003',	'A Guide to Expert System',	'D.A.Wasterman',	'Pearson',	'295',	'',	'',	1,	'',	1),
(4,	'M0004',	'GACCA202300004',	'A Guide to Expert System',	'D.A.Wasterman',	'Pearson',	'295',	'',	'',	1,	'',	1),
(5,	'M0005',	'GACCA202300005',	'File Structures',	'M.I.Folk',	'Pearson',	'295',	'',	'',	1,	'',	1),
(6,	'M0006',	'GACCA202300006',	'Discrete Mathemetics',	'S.Nanda',	'Allied',	'180',	'',	'',	1,	'',	1),
(7,	'M0007',	'GACCA202300007',	'Discrete Mathemetics',	'S.Nanda',	'Allied',	'180',	'',	'',	1,	'',	1),
(8,	'M0008',	'GACCA202300008',	'E-Commerce',	'P.T.joseph',	'PHI',	'250',	'',	'',	1,	'',	1),
(9,	'M0009',	'GACCA202300009',	'E-Commerce',	'P.T.joseph',	'PHI',	'250',	'',	'',	1,	'',	1),
(10,	'M0010',	'GACCA202300010',	'Microsoft ASP.Net(cd)',	'G.A.Dulkie',	'Wiley ',	'425',	'',	'',	1,	'',	1),
(11,	'M0011',	'GACCA202300011',	'Microsoft ASP.Net(cd)',	'G.A.Dulkie',	'PHI',	'425',	'',	'',	1,	'',	1),
(12,	'M0012',	'GACCA202300012',	'Object oriented Modelling and Design',	'J.Rumbaugh',	'PHI',	'175',	'',	'',	1,	'',	1),
(13,	'M0013',	'GACCA202300013',	'Object oriented Modelling and Design',	'J.Rumbaugh',	'PHI',	'175',	NULL,	NULL,	1,	NULL,	1),
(14,	'M0014',	'GACCA202300014',	'Genetic Algorithms',	'D.E.Goldberg',	'Pearson',	'260',	NULL,	NULL,	1,	NULL,	1),
(15,	'M0015',	'GACCA202300015',	'Genetic Algorithms',	'D.E.Goldberg',	'Pearson',	'260',	NULL,	NULL,	1,	NULL,	1),
(16,	'M0016',	'GACCA202300016',	'Data Structures Algorithms and Object Oriented Programming',	'G.L.Heileman',	'Tata McGraw Hill',	'175',	NULL,	NULL,	1,	NULL,	1),
(17,	'M0017',	'GACCA202300017',	'Data Structures Algorithms and Object Oriented Programming',	'G.L.Heileman',	'Tata McGraw Hill',	'175',	NULL,	NULL,	1,	NULL,	1),
(18,	'M0018',	'GACCA202300018',	'Software Engineering',	'Lan Sommerbille',	'Pearson',	'375',	NULL,	NULL,	1,	NULL,	1),
(19,	'M0019',	'GACCA202300019',	'Software Engineering',	'Lan Sommerbille',	'Pearson',	'375',	NULL,	NULL,	1,	NULL,	1),
(20,	'M0020',	'GACCA202300020',	'Turbo C++',	'R.Lafre',	'Galgotia',	'279',	NULL,	NULL,	1,	NULL,	1),
(21,	'M0021',	'GACCA202300021',	'Turbo C++',	'R.Lafre',	'Galgotia',	'279',	NULL,	NULL,	1,	NULL,	1),
(22,	'M0022',	'GACCA202300022',	'Computer Database Organisation',	'J.Marten',	'PHI',	'225',	NULL,	NULL,	1,	NULL,	1),
(23,	'M0023',	'GACCA202300023',	'Computer Database Organisation',	'J.Marten',	'PHI',	'225',	NULL,	NULL,	1,	NULL,	1),
(24,	'M0024',	'GACCA202300024',	'Visual Basic  6',	'G.Canell',	'Tata McGraw Hill',	'325',	NULL,	NULL,	1,	NULL,	1),
(25,	'M0025',	'GACCA202300025',	'Complete Reference ASP.Net',	'M.Donald',	'Tata McGraw Hill',	'425',	NULL,	NULL,	1,	NULL,	1),
(26,	'M0026',	'GACCA202300026',	'Communication Network',	'Leon',	'Tata McGraw Hill',	'299',	NULL,	NULL,	1,	NULL,	1),
(27,	'M0027',	'GACCA202300027',	'Introduction to Algorithms',	'T.H.Cotmen',	'PHI',	'325',	NULL,	NULL,	1,	NULL,	1),
(28,	'M0028',	'GACCA202300028',	'Introduction to Algorithms',	'T.H.Cotmen',	'PHI',	'325',	NULL,	NULL,	1,	NULL,	1),
(29,	'M0029',	'GACCA202300029',	'Matrices and Modulo in Software Quality Engineering',	'S.H.Kan',	'Pearson',	'225',	NULL,	NULL,	1,	NULL,	1),
(30,	'M0030',	'GACCA202300030',	'Matrices and Modulo in Software Quality Engineering',	'S.H.Kan',	'Pearson',	'225',	NULL,	NULL,	1,	NULL,	1),
(31,	'M0031',	'GACCA202300031',	'Structured and Object oriented Problem Solving Using C++',	'A.C.Staugaand',	'PHI',	'395',	NULL,	NULL,	1,	NULL,	1),
(32,	'M0032',	'GACCA202300032',	'Programming Languages',	'R.Sethu',	'Pearson',	'325',	NULL,	NULL,	1,	NULL,	1),
(33,	'M0033',	'GACCA202300033',	'Statistical Quality Control',	'E.L.Grant',	'Tata McGraw Hill',	'295',	NULL,	NULL,	1,	NULL,	1),
(34,	'M0034',	'GACCA202300034',	'Digital Principle & Applications',	'Mahime Leach',	'Tata McGraw Hill',	'225',	NULL,	NULL,	1,	NULL,	1),
(35,	'M0035',	'GACCA202300035',	'Fuzzy Sets Uncertainity and Information',	'G.J.Klin',	'PHI',	'125',	NULL,	NULL,	1,	NULL,	1),
(36,	'M0036',	'GACCA202300036',	'Operation Research CD',	'Taha',	'PHI',	'295',	NULL,	NULL,	1,	NULL,	1),
(37,	'M0037',	'GACCA202300037',	'Unix Sysytem programming Using C++',	'T.Chan',	'PHI',	'250',	NULL,	NULL,	1,	NULL,	1),
(38,	'M0038',	'GACCA202300038',	'Programming With C++',	'Ravichandran',	'Tata McGraw Hill',	'215',	NULL,	NULL,	1,	NULL,	1),
(39,	'M0039',	'GACCA202300039',	'Essentials of Management',	'Koontz',	'Tata McGraw Hill',	'195',	NULL,	NULL,	1,	NULL,	1),
(40,	'M0040',	'GACCA202300040',	'C++',	'S.B.Lipponan',	'Pearson',	'450',	NULL,	NULL,	1,	NULL,	1),
(41,	'M0041',	'GACCA202300041',	'Computer Graphics',	'Faley',	'Pearson',	'450',	NULL,	NULL,	1,	NULL,	1),
(42,	'M0042',	'GACCA202300042',	'Client/server Computing',	'P.Smith',	'PHI',	'195',	NULL,	NULL,	1,	NULL,	1),
(43,	'M0043',	'GACCA202300043',	'Management Information System',	'javadbar',	'',	'225',	NULL,	NULL,	1,	NULL,	1),
(44,	'M0044',	'GACCA202300044',	'Distributed Datatbase System',	'M.T.Ozsu',	'Pearson',	'350',	NULL,	NULL,	1,	NULL,	1),
(45,	'M0045',	'GACCA202300045',	'Wireless And Mobile Communication',	'J.M.Haltzmass',	'Allied',	'270',	NULL,	NULL,	1,	NULL,	1),
(46,	'M0046',	'GACCA202300046',	'Virtual Reality Systems',	'J.Vience',	'Pearson',	'295',	NULL,	NULL,	1,	NULL,	1),
(47,	'M0047',	'GACCA202300047',	'Neural Networks and Fuzzy System CD',	'B.Kosko',	'PHI',	'275',	NULL,	NULL,	1,	NULL,	1),
(48,	'M0048',	'GACCA202300048',	'The Design of the UNIX Operating System 195',	'M.J.Back',	'Pearson',	'390',	NULL,	NULL,	1,	NULL,	1),
(49,	'M0049',	'GACCA202300049',	'The Design of the UNIX Operating System 195',	'M.J.Back',	'Pearson',	'390',	NULL,	NULL,	1,	NULL,	1),
(50,	'M0050',	'GACCA202300050',	'Expert Systems',	'P.Jackson',	'Pearson',	'295',	NULL,	NULL,	1,	NULL,	1),
(51,	'M0051',	'GACCA202300051',	'Programming with Java',	'E.Balagurusamy',	'Tata McGraw Hill',	'170',	NULL,	NULL,	1,	NULL,	1),
(52,	'M0052',	'GACCA202300052',	'Programming with Java',	'E.Balagurusamy',	'Tata McGraw Hill',	'170',	NULL,	NULL,	1,	NULL,	1),
(53,	'M0053',	'GACCA202300053',	'Introduction to Microsoft .Net',	'D.S.Platt',	'',	'295',	NULL,	NULL,	1,	NULL,	1),
(54,	'M0054',	'GACCA202300054',	'Microsoft SQL Server 7.0 2cd',	'R.Soukup',	'WP Publishers',	'725',	NULL,	NULL,	1,	NULL,	1),
(55,	'M0055',	'GACCA202300055',	'Neura Fuzzy and Soft Computing',	'JSR.Jang',	'PHI',	'350',	NULL,	NULL,	1,	NULL,	1),
(56,	'M0056',	'GACCA202300056',	'Total Quality Management',	'DM.Bestesfeald',	'Pearson',	'375',	NULL,	NULL,	1,	NULL,	1),
(57,	'M0057',	'GACCA202300057',	'Internet Compiler Reference',	'H.Hahn',	'Tata McGraw Hill',	'395',	NULL,	NULL,	1,	NULL,	1),
(58,	'M0058',	'GACCA202300058',	'Network Administration',	'S.wisnisusxi',	'Pearson',	'350',	NULL,	NULL,	1,	NULL,	1),
(59,	'M0059',	'GACCA202300059',	'Data Structures using C & C++',	'Y.langsam',	'Pearson',	'250',	NULL,	NULL,	1,	NULL,	1),
(60,	'M0060',	'GACCA202300060',	'Data Structures using C & C++',	'Y.langsam',	'Pearson',	'250',	NULL,	NULL,	1,	NULL,	1),
(61,	'M0061',	'GACCA202300061',	'Data Structures using C & C++',	'Y.langsam',	'Pearson',	'250',	NULL,	NULL,	1,	NULL,	1),
(62,	'M0062',	'GACCA202300062',	'Distributed Operating System',	'A.S.Tanenbaum',	'Pearson',	'350',	NULL,	NULL,	1,	NULL,	1),
(63,	'M0063',	'GACCA202300063',	'Distributed Operating System',	'A.S.Tanenbaum',	'Pearson',	'350',	NULL,	NULL,	1,	NULL,	1),
(64,	'M0064',	'GACCA202300064',	'Numerical Analysis ',	'R.L.Burden',	'Thomson',	'554',	NULL,	NULL,	1,	NULL,	1),
(65,	'M0065',	'GACCA202300065',	'Neural Network fundemental Grapho,Algorithms & Application',	'N.K.Bose',	'Tata McGraw Hill',	'195',	NULL,	NULL,	1,	NULL,	1),
(66,	'M0066',	'GACCA202300066',	'Data Mining',	'P.Adriaano',	'Pearson',	'195',	NULL,	NULL,	1,	NULL,	1),
(67,	'M0067',	'GACCA202300067',	'Numerical Methods',	'E.Balagurusamy',	'Tata McGraw Hill',	'180',	NULL,	NULL,	1,	NULL,	1),
(68,	'M0068',	'GACCA202300068',	'Operation Research ',	'Gillett',	'Tata McGraw Hill',	'195',	NULL,	NULL,	1,	NULL,	1),
(69,	'M0069',	'GACCA202300069',	'The Theory of Computation',	'B.M.Maret',	'Pearson',	'225',	NULL,	NULL,	1,	NULL,	1),
(70,	'M0070',	'GACCA202300070',	'Electronic Commerce',	'R.Kalallata',	'Pearson',	'295',	NULL,	NULL,	1,	NULL,	1),
(71,	'M0071',	'GACCA202300071',	'Pattern Classification',	'R.O.Duda',	'Wiley ',	'478',	NULL,	NULL,	1,	NULL,	1),
(72,	'M0072',	'GACCA202300072',	'Fun.of Computer Algorithms',	'E.Horowitz',	'Galgotia',	'279',	NULL,	NULL,	1,	NULL,	1),
(73,	'M0073',	'GACCA202300073',	'Fun.of Computer Algorithms',	'E.Horowitz',	'Galgotia',	'279',	NULL,	NULL,	1,	NULL,	1),
(74,	'M0074',	'GACCA202300074',	'Fun.of Computer Algorithms',	'E.Horowitz',	'Galgotia',	'279',	NULL,	NULL,	1,	NULL,	1),
(75,	'M0075',	'GACCA202300075',	'Numerical Methods for Scientific of Engineering Computation',	'M.K.Jain',	'New Age',	'190',	NULL,	NULL,	1,	NULL,	1),
(76,	'M0076',	'GACCA202300076',	'Numerical Methods for Scientific of Engineering Computation',	'M.K.Jain',	'New Age',	'190',	NULL,	NULL,	1,	NULL,	1),
(77,	'M0077',	'GACCA202300077',	'System Analysis,Design',	'E.W.Awad',	'Galgotia',	'200',	NULL,	NULL,	1,	NULL,	1),
(78,	'M0078',	'GACCA202300078',	'System Analysis,Design',	'E.W.Awad',	'Galgotia',	'200',	NULL,	NULL,	1,	NULL,	1),
(79,	'M0079',	'GACCA202300079',	'Fun.of Data Structures in C++',	'E.Horowitz',	'Galgotia',	'279',	NULL,	NULL,	1,	NULL,	1),
(80,	'M0080',	'GACCA202300080',	'Fun.of Data Structures in C++',	'E.Horowitz',	'Galgotia',	'279',	NULL,	NULL,	1,	NULL,	1),
(81,	'M0081',	'GACCA202300081',	'object oriented Program C++ ',	'B.Chandra',	'Narosa',	'250',	NULL,	NULL,	1,	NULL,	1),
(82,	'M0082',	'GACCA202300082',	'object oriented Program C++ ',	'B.Chandra',	'Narosa',	'250',	NULL,	NULL,	1,	NULL,	1),
(83,	'M0083',	'GACCA202300083',	'Fun.of Data Structures in Pascal',	'E.Horowitz',	'Galgotia',	'230',	NULL,	NULL,	1,	NULL,	1),
(84,	'M0084',	'GACCA202300084',	'Introduction to Automata Theory Languages and Computation',	'J.E.Hopcraff',	'Narosa',	'190',	NULL,	NULL,	1,	NULL,	1),
(85,	'M0085',	'GACCA202300085',	'Introduction to Design & Analysis of Algorithms',	'S.E.Goodman',	'Mc Graw Hill',	'176',	NULL,	NULL,	1,	NULL,	1),
(86,	'M0086',	'GACCA202300086',	'An Introduction to Database System',	'C,J.Date',	'Narosa',	'215',	NULL,	NULL,	1,	NULL,	1),
(87,	'M0087',	'GACCA202300087',	'An Introduction to Database System',	'C,J.Date',	'Narosa',	'215',	NULL,	NULL,	1,	NULL,	1),
(88,	'M0088',	'GACCA202300088',	'Algorithms + Data Structures : Programs',	'N.Wirth',	'PHI',	'125',	NULL,	NULL,	1,	NULL,	1),
(89,	'M0089',	'GACCA202300089',	'Algorithms + Data Structures : Programs',	'N.Wirth',	'PHI',	'125',	NULL,	NULL,	1,	NULL,	1),
(90,	'M0090',	'GACCA202300090',	'Aetificial Intelligence',	'N.J.Nillson',	'Narosa',	'220',	NULL,	NULL,	1,	NULL,	1),
(91,	'M0091',	'GACCA202300091',	'Aetificial Intelligence',	'N.J.Nillson',	'Narosa',	'220',	NULL,	NULL,	1,	NULL,	1),
(92,	'M0092',	'GACCA202300092',	'Aetificial Intelligence',	'N.J.Nillson',	'Narosa',	'220',	NULL,	NULL,	1,	NULL,	1),
(93,	'M0093',	'GACCA202300093',	'Aetificial Intelligence',	'N.J.Nillson',	'Narosa',	'220',	NULL,	NULL,	1,	NULL,	1),
(94,	'M0094',	'GACCA202300094',	'C Software Engineering Approach',	'P.A.Dasheel',	'Narosa',	'195',	NULL,	NULL,	1,	NULL,	1),
(95,	'M0095',	'GACCA202300095',	'C Software Engineering Approach',	'P.A.Dasheel',	'Narosa',	'195',	NULL,	NULL,	1,	NULL,	1),
(96,	'M0096',	'GACCA202300096',	'C Software Engineering Approach',	'P.A.Dasheel',	'Narosa',	'195',	NULL,	NULL,	1,	NULL,	1),
(97,	'M0097',	'GACCA202300097',	'C Software Engineering Approach',	'P.A.Dasheel',	'Narosa',	'195',	NULL,	NULL,	1,	NULL,	1),
(98,	'M0098',	'GACCA202300098',	'Data Structure',	'S.Lipseherty',	'Mc Graw Hill',	'195',	NULL,	NULL,	1,	NULL,	1),
(99,	'M0099',	'GACCA202300099',	'=C99',	'=D99',	'Mc Graw Hill',	'=F99',	NULL,	NULL,	1,	NULL,	1),
(100,	'M0100',	'GACCA202300100',	'Numerical Methods for Engineering',	'S.c.Chopra',	'Tata McGraw Hill',	'395',	NULL,	NULL,	1,	NULL,	1),
(101,	'M0101',	'GACCA202300101',	'Discrete Mathemetics and Application',	'H.Rosen',	'Tata McGraw Hill',	'350',	NULL,	NULL,	1,	NULL,	1),
(102,	'M0102',	'GACCA202300102',	'Financial Management ',	'Keown',	'PHI',	'495',	NULL,	NULL,	1,	NULL,	1),
(103,	'M0103',	'GACCA202300103',	'Computer Networking',	'E.Tittle',	'Tata McGraw Hill',	'195',	NULL,	NULL,	1,	NULL,	1),
(104,	'M0104',	'GACCA202300104',	'Programming with C++',	'R.Hubbard',	'Tata McGraw Hill',	'190',	NULL,	NULL,	1,	NULL,	1),
(105,	'M0105',	'GACCA202300105',	'Programming with C++',	'R.Hubbard',	'Tata McGraw Hill',	'190',	NULL,	NULL,	1,	NULL,	1),
(106,	'M0106',	'GACCA202300106',	'Microprocessor',	'M.Rafiquezzaman',	'PHI',	'250',	NULL,	NULL,	1,	NULL,	1),
(107,	'M0107',	'GACCA202300107',	'Microprocessor',	'M.Rafiquezzaman',	'PHI',	'250',	NULL,	NULL,	1,	NULL,	1),
(108,	'M0108',	'GACCA202300108',	'Fundementals of Queueing Theory ',	'D.Gross',	'Wiley ',	'299',	NULL,	NULL,	1,	NULL,	1),
(109,	'M0109',	'GACCA202300109',	'Numerical Analysis ',	'K.B.Alkerson',	'Wiley ',	'327',	NULL,	NULL,	1,	NULL,	1),
(110,	'M0110',	'GACCA202300110',	'Sampling Techniques ',	'Cocluan',	'Wiley ',	'827',	NULL,	NULL,	1,	NULL,	1),
(111,	'M0111',	'GACCA202300111',	'The Wireless Application Protocol ',	'S.Mano',	'Wiley ',	'277',	NULL,	NULL,	1,	NULL,	1),
(112,	'M0112',	'GACCA202300112',	'Introduction to Expert System ',	'j.P.lqnyin',	'Mc Graw Hill',	'227',	NULL,	NULL,	1,	NULL,	1),
(113,	'M0113',	'GACCA202300113',	'Wireless Communication Technology ',	'Blake',	'Thomson',	'350',	NULL,	NULL,	1,	NULL,	1),
(114,	'M0114',	'GACCA202300114',	'Applied Numerical methods for Engineers ',	'J.Sebilling',	'Thomson',	'415',	NULL,	NULL,	1,	NULL,	1),
(115,	'M0115',	'GACCA202300115',	'Object Oriented Design in C++ Using the Standard Template Lilwy ',	'J.D.Lillo',	'Thomson',	'252',	NULL,	NULL,	1,	NULL,	1),
(116,	'M0116',	'GACCA202300116',	'Enhanced Guide to Managing of maintaining your PC CD ',	'J.Anduous',	'Thomson',	'365',	NULL,	NULL,	1,	NULL,	1),
(117,	'M0117',	'GACCA202300117',	'Mobile Communicate Engineering ',	'C.Y.Lee',	'Mc Graw Hill',	'1134',	NULL,	NULL,	1,	NULL,	1),
(118,	'M0118',	'GACCA202300118',	'Embedded Micro Computer Systems ',	'W.valuano',	'Thomson',	'428',	NULL,	NULL,	1,	NULL,	1),
(119,	'M0119',	'GACCA202300119',	'Embedded Micro Computer Systems ',	'W.valuano',	'Thomson',	'428',	NULL,	NULL,	1,	NULL,	1),
(120,	'M0120',	'GACCA202300120',	'Data Warehousing ',	'Sam Anahery',	'Pearson',	'266',	NULL,	NULL,	1,	NULL,	1),
(121,	'M0121',	'GACCA202300121',	'Probability Random Variables of stochasie Process ',	'Papolulis',	'Mc Graw Hill',	'605',	NULL,	NULL,	1,	NULL,	1),
(122,	'M0122',	'GACCA202300122',	'Computer Organisation ',	'C.Mamoehal',	'Mc Graw Hill',	'278',	NULL,	NULL,	1,	NULL,	1),
(123,	'M0123',	'GACCA202300123',	'Computer Organisation ',	'C.Mamoehal',	'Mc Graw Hill',	'278',	NULL,	NULL,	1,	NULL,	1),
(124,	'M0124',	'GACCA202300124',	'Effective C++ ',	'S.Meyers',	'Addison Wesley',	'266',	NULL,	NULL,	1,	NULL,	1),
(125,	'M0125',	'GACCA202300125',	'An Introduction to Probability and Statistics ',	'V.K.Rahatqo',	'Wiley ',	'429',	NULL,	NULL,	1,	NULL,	1),
(126,	'M0126',	'GACCA202300126',	'Pattern Classification ',	'R.O.Dudo',	'Wiley ',	'481',	NULL,	NULL,	1,	NULL,	1),
(127,	'M0127',	'GACCA202300127',	'Fuzzy Logic with Engineering Application ',	'T.J.Ross',	'Mc Graw Hill',	'301',	NULL,	NULL,	1,	NULL,	1),
(128,	'M0128',	'GACCA202300128',	'Oracle Develope/2000 ',	'M.W.Stowo',	'Addison Wesley',	'352',	NULL,	NULL,	1,	NULL,	1),
(129,	'M0129',	'GACCA202300129',	'Applied Probability Models ',	'D.L.Menh',	'Thomson',	'354',	NULL,	NULL,	1,	NULL,	1),
(130,	'M0130',	'GACCA202300130',	'Mastering Data Mining ',	'J.D.Bech',	'Wiley ',	'501',	NULL,	NULL,	1,	NULL,	1),
(131,	'M0131',	'GACCA202300131',	'Operating system Concepts ',	'Silborsehatz',	'Wiley ',	'456',	NULL,	NULL,	1,	NULL,	1),
(132,	'M0132',	'GACCA202300132',	'Operating system Concepts ',	'Silborsehatz',	'Wiley ',	'456',	NULL,	NULL,	1,	NULL,	1),
(133,	'M0133',	'GACCA202300133',	'Computer Architecture and Parallel Processing ',	'K.Hwane',	'Mc Graw Hill',	'392',	NULL,	NULL,	1,	NULL,	1),
(134,	'M0134',	'GACCA202300134',	'Data Structures,Algorithms and Application ',	'Sahni',	'Mc Graw Hill',	'342',	NULL,	NULL,	1,	NULL,	1),
(135,	'M0135',	'GACCA202300135',	'Data Structures,Algorithms and Application ',	'Sahni',	'Mc Graw Hill',	'342',	NULL,	NULL,	1,	NULL,	1),
(136,	'M0136',	'GACCA202300136',	'Software Engineering ',	'R.S.Pressman',	'Mc Graw Hill',	'453',	NULL,	NULL,	1,	NULL,	1),
(137,	'M0137',	'GACCA202300137',	'Software Engineering ',	'R.S.Pressman',	'Mc Graw Hill',	'453',	NULL,	NULL,	1,	NULL,	1),
(138,	'M0138',	'GACCA202300138',	'Software Engineering ',	'R.S.Pressman',	'Mc Graw Hill',	'453',	NULL,	NULL,	1,	NULL,	1),
(139,	'M0139',	'GACCA202300139',	'Software Engineering ',	'R.S.Pressman',	'Mc Graw Hill',	'453',	NULL,	NULL,	1,	NULL,	1),
(140,	'M0140',	'GACCA202300140',	'An Introduction to Probability and Statistics ',	'V.k.Rahatqo',	'Wiley ',	'430',	NULL,	NULL,	1,	NULL,	1),
(141,	'M0141',	'GACCA202300141',	'Computer Architecture and Parallel Processing ',	'Kai Hwang',	'Mc Graw Hill',	'392',	NULL,	NULL,	1,	NULL,	1),
(142,	'M0142',	'GACCA202300142',	'Fundementals of Computer Algorithms ',	'Horowitz',	'Galgotia',	'279',	NULL,	NULL,	1,	NULL,	1),
(143,	'M0143',	'GACCA202300143',	'Fundementals of Computer Algorithms ',	'Horowitz',	'Galgotia',	'279',	NULL,	NULL,	1,	NULL,	1),
(144,	'M0144',	'GACCA202300144',	'Computer Construction',	'Dhamdhere',	'Macmillan',	'195',	NULL,	NULL,	1,	NULL,	1),
(145,	'M0145',	'GACCA202300145',	'Computer Construction',	'Dhamdhere',	'Macmillan',	'195',	NULL,	NULL,	1,	NULL,	1),
(146,	'M0146',	'GACCA202300146',	'Computer Construction',	'Dhamdhere',	'Macmillan',	'195',	NULL,	NULL,	1,	NULL,	1),
(147,	'M0147',	'GACCA202300147',	'Computer Construction',	'Dhamdhere',	'Macmillan',	'195',	NULL,	NULL,	1,	NULL,	1),
(148,	'M0148',	'GACCA202300148',	'Computer Construction',	'Dhamdhere',	'Macmillan',	'195',	NULL,	NULL,	1,	NULL,	1),
(149,	'M0149',	'GACCA202300149',	'Computer Construction',	'Dhamdhere',	'Macmillan',	'195',	NULL,	NULL,	1,	NULL,	1),
(150,	'M0150',	'GACCA202300150',	'Essentials of Management',	'M.Koontz',	'Tata McGraw Hill',	'195',	NULL,	NULL,	1,	NULL,	1),
(151,	'M0151',	'GACCA202300151',	'Essentials of Management',	'M.Koontz',	'Tata McGraw Hill',	'195',	NULL,	NULL,	1,	NULL,	1),
(152,	'M0152',	'GACCA202300152',	'Essentials of Management',	'M.Koontz',	'Sultan Chand',	'195',	NULL,	NULL,	1,	NULL,	1),
(153,	'M0153',	'GACCA202300153',	'Unix Concepts and Applications',	'Sumitabha Das',	'Tata McGraw Hill',	'220',	NULL,	NULL,	1,	NULL,	1),
(154,	'M0154',	'GACCA202300154',	'Unix Concepts and Applications',	'Sumitabha Das',	'Tata McGraw Hill',	'220',	NULL,	NULL,	1,	NULL,	1),
(155,	'M0155',	'GACCA202300155',	'COBOL Programming',	'M.K.Roy',	'Tata McGraw Hill',	'195',	NULL,	NULL,	1,	NULL,	1),
(156,	'M0156',	'GACCA202300156',	'COBOL Programming',	'M.K.Roy',	'Tata McGraw Hill',	'195',	NULL,	NULL,	1,	NULL,	1),
(157,	'M0157',	'GACCA202300157',	'COBOL Programming',	'M.K.Roy',	'Tata McGraw Hill',	'195',	NULL,	NULL,	1,	NULL,	1),
(158,	'M0158',	'GACCA202300158',	'COBOL Programming',	'M.K.Roy',	'Tata McGraw Hill',	'195',	NULL,	NULL,	1,	NULL,	1),
(159,	'M0159',	'GACCA202300159',	'Operating Systems',	'H.M.Deitel',	'Pearson',	'295',	NULL,	NULL,	1,	NULL,	1),
(160,	'M0160',	'GACCA202300160',	'Operating Systems',	'H.M.Deitel',	'Pearson',	'295',	NULL,	NULL,	1,	NULL,	1),
(161,	'M0161',	'GACCA202300161',	'Data Structures using C & C++',	'Y.langsam',	'PHI',	'250',	NULL,	NULL,	1,	NULL,	1),
(162,	'M0162',	'GACCA202300162',	'Data Structures using C & C++',	'Y.langsam',	'PHI',	'250',	NULL,	NULL,	1,	NULL,	1),
(163,	'M0163',	'GACCA202300163',	'Data Structures using C & C++',	'Y.langsam',	'PHI',	'250',	NULL,	NULL,	1,	NULL,	1),
(164,	'M0164',	'GACCA202300164',	'An Introduction to Data Structures with Applications',	'Tremblay',	'Tata McGraw Hill',	'255',	NULL,	NULL,	1,	NULL,	1),
(165,	'M0165',	'GACCA202300165',	'An Introduction to Data Structures with Applications',	'Tremblay',	'Tata McGraw Hill',	'255',	NULL,	NULL,	1,	NULL,	1),
(166,	'M0166',	'GACCA202300166',	'An Introduction to Data Structures with Applications',	'Tremblay',	'Tata McGraw Hill',	'255',	NULL,	NULL,	1,	NULL,	1),
(167,	'M0167',	'GACCA202300167',	'An Introduction to Data Structures with Applications',	'Tremblay',	'Tata McGraw Hill',	'255',	NULL,	NULL,	1,	NULL,	1),
(168,	'M0168',	'GACCA202300168',	'Management Information System',	'G.B.Danis',	'Tata McGraw Hill',	'195',	NULL,	NULL,	1,	NULL,	1),
(169,	'M0169',	'GACCA202300169',	'Management Information System',	'G.B.Danis',	'Tata McGraw Hill',	'195',	NULL,	NULL,	1,	NULL,	1),
(170,	'M0170',	'GACCA202300170',	'Test Your C++ Skill',	'Y.Kanitkar',	'BPB',	'180',	NULL,	NULL,	1,	NULL,	1),
(171,	'M0171',	'GACCA202300171',	'Test Your C++ Skill',	'Y.Kanitkar',	'BPB',	'180',	NULL,	NULL,	1,	NULL,	1),
(172,	'M0172',	'GACCA202300172',	'Operating Systems',	'Madnickdonour',	'Tata McGraw Hill',	'375',	NULL,	NULL,	1,	NULL,	1),
(173,	'M0173',	'GACCA202300173',	'Operating Systems',	'Madnickdonour',	'Tata McGraw Hill',	'375',	NULL,	NULL,	1,	NULL,	1),
(174,	'M0174',	'GACCA202300174',	'Graph Theory',	'Narasinghdeo',	'PHI',	'350',	NULL,	NULL,	1,	NULL,	1),
(175,	'M0175',	'GACCA202300175',	'Graph Theory',	'Narasinghdeo',	'PHI',	'350',	NULL,	NULL,	1,	NULL,	1),
(176,	'M0176',	'GACCA202300176',	'Graph Theory',	'Narasinghdeo',	'PHI',	'350',	NULL,	NULL,	1,	NULL,	1),
(177,	'M0177',	'GACCA202300177',	'System Software',	'L.Beck',	'Pearson',	'285',	NULL,	NULL,	1,	NULL,	1),
(178,	'M0178',	'GACCA202300178',	'System Software',	'L.Beck',	'Pearson',	'285',	NULL,	NULL,	1,	NULL,	1),
(179,	'M0179',	'GACCA202300179',	'Micro Processor and Micro Computer Based System Design',	'M.Rafiquzzaman',	'UBS',	'350',	NULL,	NULL,	1,	NULL,	1),
(180,	'M0180',	'GACCA202300180',	'Micro Processor and Micro Computer Based System Design',	'M.Rafiquzzaman',	'UBS',	'350',	NULL,	NULL,	1,	NULL,	1),
(181,	'M0181',	'GACCA202300181',	'Software Engineering Concepts 0',	'R.Fairley',	'Mc Graw Hill',	'255',	NULL,	NULL,	1,	NULL,	1),
(182,	'M0182',	'GACCA202300182',	'Software Engineering Concepts 0',	'R.Fairley',	'Tata McGraw Hill',	'255',	NULL,	NULL,	1,	NULL,	1),
(183,	'M0183',	'GACCA202300183',	'operating Systems',	'C.Crowlay',	'Tata McGraw Hill',	'290',	NULL,	NULL,	1,	NULL,	1),
(184,	'M0184',	'GACCA202300184',	'operating Systems',	'C.Crowlay',	'Tata McGraw Hill',	'290',	NULL,	NULL,	1,	NULL,	1),
(185,	'M0185',	'GACCA202300185',	'operating Systems',	'C.Crowlay',	'Tata McGraw Hill',	'290',	NULL,	NULL,	1,	NULL,	1),
(186,	'M0186',	'GACCA202300186',	'operating Systems',	'C.Crowlay',	'Tata McGraw Hill',	'290',	NULL,	NULL,	1,	NULL,	1),
(187,	'M0187',	'GACCA202300187',	'operating Systems',	'C.Crowlay',	'Tata McGraw Hill',	'290',	NULL,	NULL,	1,	NULL,	1),
(188,	'M0188',	'GACCA202300188',	'Computer System architecture',	'M.Mano',	'Pearson',	'195',	NULL,	NULL,	1,	NULL,	1),
(189,	'M0189',	'GACCA202300189',	'Computer System architecture',	'M.Mano',	'Pearson',	'195',	NULL,	NULL,	1,	NULL,	1),
(190,	'M0190',	'GACCA202300190',	'Computer System architecture',	'M.Mano',	'Pearson',	'195',	NULL,	NULL,	1,	NULL,	1),
(191,	'M0191',	'GACCA202300191',	'Compilers,Principle,Technique',	'Aho.Hellman',	'Pearson',	'395',	NULL,	NULL,	1,	NULL,	1),
(192,	'M0192',	'GACCA202300192',	'Compilers,Principle,Technique',	'Aho.Hellman',	'Pearson',	'395',	NULL,	NULL,	1,	NULL,	1),
(193,	'M0193',	'GACCA202300193',	'programming in ANSI 0',	'E.Balagurusamy',	'Tata McGraw Hill',	'155',	NULL,	NULL,	1,	NULL,	1),
(194,	'M0194',	'GACCA202300194',	'programming in ANSI 0',	'E.Balagurusamy',	'Tata McGraw Hill',	'155',	NULL,	NULL,	1,	NULL,	1),
(195,	'M0195',	'GACCA202300195',	'programming in ANSI 0',	'E.Balagurusamy',	'Tata McGraw Hill',	'155',	NULL,	NULL,	1,	NULL,	1),
(196,	'M0196',	'GACCA202300196',	'programming in ANSI 0',	'E.Balagurusamy',	'Tata McGraw Hill',	'155',	NULL,	NULL,	1,	NULL,	1),
(197,	'M0197',	'GACCA202300197',	'Artificial Intelligence ',	'E.Rich',	'Tata McGraw Hill',	'220',	NULL,	NULL,	1,	NULL,	1),
(198,	'M0198',	'GACCA202300198',	'Artificial Intelligence ',	'E.Rich',	'Tata McGraw Hill',	'220',	NULL,	NULL,	1,	NULL,	1),
(199,	'M0199',	'GACCA202300199',	'Artificial Intelligence ',	'E.Rich',	'Tata McGraw Hill',	'220',	NULL,	NULL,	1,	NULL,	1),
(200,	'M0200',	'GACCA202300200',	'Digital Principle & Applications',	'Malvino Leach',	'Tata McGraw Hill',	'210',	NULL,	NULL,	1,	NULL,	1),
(201,	'M0201',	'GACCA202300201',	'Digital Principle & Applications',	'Malvino Leach',	'Tata McGraw Hill',	'210',	NULL,	NULL,	1,	NULL,	1),
(202,	'M0202',	'GACCA202300202',	'Digital Logic of Computer Design',	'Morris Mano',	'Pearson',	'195',	NULL,	NULL,	1,	NULL,	1),
(203,	'M0203',	'GACCA202300203',	'Digital Logic of Computer Design',	'Morris Mano',	'Pearson',	'195',	NULL,	NULL,	1,	NULL,	1),
(204,	'M0204',	'GACCA202300204',	'Digital Logic of Computer Design',	'Morris Mano',	'PHI',	'195',	NULL,	NULL,	1,	NULL,	1),
(205,	'M0205',	'GACCA202300205',	'Digital Logic of Computer Design',	'Morris Mano',	'PHI',	'195',	NULL,	NULL,	1,	NULL,	1),
(206,	'M0206',	'GACCA202300206',	'Visual Basic  6 from the Ground',	'C.Cornell',	'Tata McGraw Hill',	'325',	NULL,	NULL,	1,	NULL,	1),
(207,	'M0207',	'GACCA202300207',	'Visual Basic  6 from the Ground',	'C.Cornell',	'Tata McGraw Hill',	'325',	NULL,	NULL,	1,	NULL,	1),
(208,	'M0208',	'GACCA202300208',	'Visual Basic  6 from the Ground',	'C.Cornell',	'Tata McGraw Hill',	'325',	NULL,	NULL,	1,	NULL,	1),
(209,	'M0209',	'GACCA202300209',	'Micro Processors',	'Gilmore',	'Tata McGraw Hill',	'245',	NULL,	NULL,	1,	NULL,	1),
(210,	'M0210',	'GACCA202300210',	'Micro Processors',	'Gilmore',	'Tata McGraw Hill',	'245',	NULL,	NULL,	1,	NULL,	1),
(211,	'M0211',	'GACCA202300211',	'Micro Processors',	'Gilmore',	'Tata McGraw Hill',	'245',	NULL,	NULL,	1,	NULL,	1),
(212,	'M0212',	'GACCA202300212',	'Micro Processors',	'Gilmore',	'RBA',	'245',	NULL,	NULL,	1,	NULL,	1),
(213,	'M0213',	'GACCA202300213',	'Micro Processors',	'Gilmore',	'Tata McGraw Hill',	'245',	NULL,	NULL,	1,	NULL,	1),
(214,	'M0214',	'GACCA202300214',	'Artificial Intelligence ',	'F.H.wintson',	'Pearson',	'295',	NULL,	NULL,	1,	NULL,	1),
(215,	'M0215',	'GACCA202300215',	'Artificial Intelligence ',	'F.H.wintson',	'Pearson',	'295',	NULL,	NULL,	1,	NULL,	1),
(216,	'M0216',	'GACCA202300216',	'Artificial Intelligence ',	'F.H.wintson',	'Pearson',	'295',	NULL,	NULL,	1,	NULL,	1),
(217,	'M0217',	'GACCA202300217',	'Operators Research',	'H.A.Tahee',	'Pearson',	'295',	NULL,	NULL,	1,	NULL,	1),
(218,	'M0218',	'GACCA202300218',	'Operators Research',	'H.A.Tahee',	'Pearson',	'295',	NULL,	NULL,	1,	NULL,	1),
(219,	'M0219',	'GACCA202300219',	'Computer Oriented Numerical Methods',	'Rajaraman',	'PHI',	'59',	NULL,	NULL,	1,	NULL,	1),
(220,	'M0220',	'GACCA202300220',	'Computer Oriented Numerical Methods',	'Rajaraman',	'PHI',	'59',	NULL,	NULL,	1,	NULL,	1),
(221,	'M0221',	'GACCA202300221',	'Computer Oriented Numerical Methods',	'Rajaraman',	'PHI',	'59',	NULL,	NULL,	1,	NULL,	1),
(222,	'M0222',	'GACCA202300222',	'Computer Oriented Numerical Methods',	'Rajaraman',	'PHI',	'59',	NULL,	NULL,	1,	NULL,	1),
(223,	'M0223',	'GACCA202300223',	'Discrete Mathemetics  ',	'Sandusan',	'AR',	'140',	NULL,	NULL,	1,	NULL,	1),
(224,	'M0224',	'GACCA202300224',	'Discrete Mathemetics  ',	'Sandusan',	'Tata McGraw Hill',	'140',	NULL,	NULL,	1,	NULL,	1),
(225,	'M0225',	'GACCA202300225',	'Introduction to Microprocessor',	'A.P.Mathur',	'Tata McGraw Hill',	'185',	NULL,	NULL,	1,	NULL,	1),
(226,	'M0226',	'GACCA202300226',	'Introduction to Microprocessor',	'A.P.Mathur',	'Tata McGraw Hill',	'185',	NULL,	NULL,	1,	NULL,	1),
(227,	'M0227',	'GACCA202300227',	'Introduction to Microprocessor',	'A.P.Mathur',	'Tata McGraw Hill',	'185',	NULL,	NULL,	1,	NULL,	1),
(228,	'M0228',	'GACCA202300228',	'Introduction to Microprocessor',	'A.P.Mathur',	'Tata McGraw Hill',	'185',	NULL,	NULL,	1,	NULL,	1),
(229,	'M0229',	'GACCA202300229',	'Discrete Mathemetical Structures With Applications',	'Trombley Manohal',	'Tata McGraw Hill',	'250',	NULL,	NULL,	1,	NULL,	1),
(230,	'M0230',	'GACCA202300230',	'Discrete Mathemetical Structures With Applications',	'Trombley Manohal',	'Tata McGraw Hill',	'250',	NULL,	NULL,	1,	NULL,	1),
(231,	'M0231',	'GACCA202300231',	'Discrete Mathemetical Structures With Applications',	'Trombley Manohal',	'Tata McGraw Hill',	'250',	NULL,	NULL,	1,	NULL,	1),
(232,	'M0232',	'GACCA202300232',	'Discrete Mathemetical Structures With Applications',	'Trombley Manohal',	'Tata McGraw Hill',	'250',	NULL,	NULL,	1,	NULL,	1),
(233,	'M0233',	'GACCA202300233',	'Fundementals of Mathemetical structures',	'S.C.Gupta',	'Sultan Chand',	'250',	NULL,	NULL,	1,	NULL,	1),
(234,	'M0234',	'GACCA202300234',	'Fundementals of Mathemetical structures',	'S.C.Gupta',	'Sultan Chand',	'250',	NULL,	NULL,	1,	NULL,	1),
(235,	'M0235',	'GACCA202300235',	'Fundementals of Mathemetical structures',	'S.C.Gupta',	'Sultan Chand',	'250',	NULL,	NULL,	1,	NULL,	1),
(236,	'M0236',	'GACCA202300236',	'Fundementals of Mathemetical structures',	'S.C.Gupta',	'Sultan Chand',	'250',	NULL,	NULL,	1,	NULL,	1),
(237,	'M0237',	'GACCA202300237',	'Fundementals of Mathemetical structures',	'S.C.Gupta',	'Sultan Chand',	'250',	NULL,	NULL,	1,	NULL,	1),
(238,	'M0238',	'GACCA202300238',	'Discrete Event System Simulation',	'J.Banks',	'PHI',	'250',	NULL,	NULL,	1,	NULL,	1),
(239,	'M0239',	'GACCA202300239',	'Discrete Event System Simulation',	'J.Banks',	'Pearson',	'250',	NULL,	NULL,	1,	NULL,	1),
(240,	'M0240',	'GACCA202300240',	'Marketing Management',	'P.Kottel',	'Pearson',	'275',	NULL,	NULL,	1,	NULL,	1),
(241,	'M0241',	'GACCA202300241',	'Computer Networks',	'Tanenbaum',	'Pearson',	'250',	NULL,	NULL,	1,	NULL,	1),
(242,	'M0242',	'GACCA202300242',	'Java Hand Book',	'P.Naughton',	'Tata McGraw Hill',	'300',	NULL,	NULL,	1,	NULL,	1),
(243,	'M0243',	'GACCA202300243',	'Computer To-Day',	'S.K.Basandara',	'Galgotia',	'340',	NULL,	NULL,	1,	NULL,	1),
(244,	'M0244',	'GACCA202300244',	'Practical Java',	'P.Hagger',	'Pearson',	'270',	NULL,	NULL,	1,	NULL,	1),
(245,	'M0245',	'GACCA202300245',	'Software Project Management',	'B.Hughes',	'Tata McGraw Hill',	'300',	NULL,	NULL,	1,	NULL,	1),
(246,	'M0246',	'GACCA202300246',	'Computer Graphics',	'L.Xiang(Schaum)',	'Tata McGraw Hill',	'199',	NULL,	NULL,	1,	NULL,	1),
(247,	'M0247',	'GACCA202300247',	'Decision Support System',	'E.Tumban',	'Pearson',	'395',	NULL,	NULL,	1,	NULL,	1),
(248,	'M0248',	'GACCA202300248',	'Artificial Intelligence ',	'N.J.Nillson',	'Morgan K',	'395',	NULL,	NULL,	1,	NULL,	1),
(249,	'M0249',	'GACCA202300249',	'Windows in an Instant',	'',	'IDG',	'129',	NULL,	NULL,	1,	NULL,	1),
(250,	'M0250',	'GACCA202300250',	'MS Access 2000 Fast And Easy',	'P.A.Rutledge',	'BPB',	'150',	NULL,	NULL,	1,	NULL,	1),
(251,	'M0251',	'GACCA202300251',	'Oracle 8i Mastering',	'G.Freeman',	'BPB',	'450',	NULL,	NULL,	1,	NULL,	1),
(252,	'M0252',	'GACCA202300252',	'Artificial Intelligence ',	'P.H.Winston',	'Pearson',	'295',	NULL,	NULL,	1,	NULL,	1),
(253,	'M0253',	'GACCA202300253',	'Project Using C++',	'Prn.Varalakshimi',	'Sci Tech',	'175',	NULL,	NULL,	1,	NULL,	1),
(254,	'M0254',	'GACCA202300254',	'Progarmming Language Programatics',	'M.L.Scott',	'Harcourt',	'350',	NULL,	NULL,	1,	NULL,	1),
(255,	'M0255',	'GACCA202300255',	'Computer graphics and Multimedia',	'G.S.Baliga',	'Dhanpat Rai',	'150',	NULL,	NULL,	1,	NULL,	1),
(256,	'M0256',	'GACCA202300256',	'Information Technology for BCA',	'Jaiswal',	'Galgotia',	'225',	'',	'',	1,	'',	1),
(257,	'M0257',	'GACCA202300257',	'Perfect Computer Course',	'R.Bangia',	'Cyber Tech',	'295',	'',	'',	1,	'',	1),
(258,	'M0258',	'GACCA202300258',	'The C  Answer Book ',	'C.L.Tondo',	'PHI',	'89',	'',	'',	1,	'',	1),
(259,	'M0259',	'GACCA202300259',	'Photoshop & for Windows',	'B.Wainmann',	'BPB',	'198',	'',	'',	1,	'',	1),
(260,	'M0260',	'GACCA202300260',	'Photoshop 7',	'L.A.vlrich',	'Dreamtech',	'399',	'',	'',	1,	'',	1),
(261,	'M0261',	'GACCA202300261',	'Smart Suite',	'S.e.Bddy',	'BPB',	'180',	'',	'',	1,	'',	1),
(262,	'M0262',	'GACCA202300262',	'Objective Computer Science',	'R.Gupta',	'Ramesh',	'60',	'',	'',	1,	'',	1),
(263,	'M0263',	'GACCA202300263',	'Visual J++ 6 from the Ground up',	'B.Maso',	'Tata McGraw Hill',	'395',	'',	'',	1,	'',	1),
(264,	'M0264',	'GACCA202300264',	'Information Theory Coding and Cryptography',	'R.Bose',	'Tata McGraw Hill',	'215',	'',	'',	1,	'',	1),
(265,	'M0265',	'GACCA202300265',	'Photoshop 7.0 Classroom in a Book',	'Adobe',	'BPB',	'360',	'',	'',	1,	'',	1),
(266,	'M0266',	'GACCA202300266',	'Pattern Recognition and Image',	'E.Gose',	'PHI',	'295',	'',	'',	1,	'',	1),
(267,	'M0267',	'GACCA202300267',	'SQL Server 7',	'M.Gundeeloy',	'BPB',	'240',	'',	'',	1,	'',	1),
(268,	'M0268',	'GACCA202300268',	'Artificial Intelligence of Experts Systems',	'D.W.Petterson',	'PHI',	'150',	'',	'',	1,	'',	1),
(269,	'M0269',	'GACCA202300269',	'Complete Reference XML',	'H.Aveliamson',	'Tata McGraw Hill',	'495',	NULL,	NULL,	1,	NULL,	1),
(270,	'M0270',	'GACCA202300270',	'Introduction of Artificial Neural',	'Junada',	'Jaico',	'350',	NULL,	NULL,	1,	NULL,	1),
(271,	'M0271',	'GACCA202300271',	'Data Networks',	'D.Bellsetas',	'PHI',	'150',	NULL,	NULL,	1,	NULL,	1),
(272,	'M0272',	'GACCA202300272',	'Unix Networking Programming',	'W.R.Stevens',	'Pearson',	'195',	NULL,	NULL,	1,	NULL,	1),
(273,	'M0273',	'GACCA202300273',	'Operations Research',	'R.Pannerselvan',	'PHI',	'275',	NULL,	NULL,	1,	NULL,	1),
(274,	'M0274',	'GACCA202300274',	'Windows NT DNS',	'M.Masterson',	'BPB',	'399',	NULL,	NULL,	1,	NULL,	1),
(275,	'M0275',	'GACCA202300275',	'Neural Networks  ',	'J.A.Preeman',	'Pearson',	'295',	NULL,	NULL,	1,	NULL,	1),
(276,	'M0276',	'GACCA202300276',	'Data Mining',	'P.Andiaans',	'Pearson',	'195',	NULL,	NULL,	1,	NULL,	1),
(277,	'M0277',	'GACCA202300277',	'Understanding Power Point 2000',	'R.Bangia',	'Cyber Tech',	'115',	NULL,	NULL,	1,	NULL,	1),
(278,	'M0278',	'GACCA202300278',	'Parallel Computer Architecture',	'D.B.Eullel',	'Morgan',	'375',	NULL,	NULL,	1,	NULL,	1),
(279,	'M0279',	'GACCA202300279',	'Marketing Management',	'P.Kottel',	'PHI',	'395',	NULL,	NULL,	1,	NULL,	1),
(280,	'M0280',	'GACCA202300280',	'Software Engineering',	'J.Mary',	'Charulatha',	'90',	NULL,	NULL,	1,	NULL,	1),
(281,	'M0281',	'GACCA202300281',	'Windows 2000 Instant Reference',	'J.Vanstean',	'BPB',	'75',	NULL,	NULL,	1,	NULL,	1),
(282,	'M0282',	'GACCA202300282',	'Computer Graphics',	'Foley',	'Pearson',	'450',	NULL,	NULL,	1,	NULL,	1),
(283,	'M0283',	'GACCA202300283',	'Operations Research',	'P.K.Gupta',	'Sultan Chand',	'250',	NULL,	NULL,	1,	NULL,	1),
(284,	'M0284',	'GACCA202300284',	'Probability and Random process',	'Singaravelu',	'Meenakshi',	'130',	NULL,	NULL,	1,	NULL,	1),
(285,	'M0285',	'GACCA202300285',	'Probability and Statistics with reliability Queing C Server',	'K.S.Trvedi',	'PHI',	'150',	NULL,	NULL,	1,	NULL,	1),
(286,	'M0286',	'GACCA202300286',	'Unix Concepts and Applications',	'Dev.Prakash',	'Cyber Tech',	'205',	NULL,	NULL,	1,	NULL,	1),
(287,	'M0287',	'GACCA202300287',	'Introduction to Operations Research',	'Gillett',	'Tata McGraw Hill',	'180',	NULL,	NULL,	1,	NULL,	1),
(288,	'M0288',	'GACCA202300288',	'Discrete Event System Simulation',	'J.Banks',	'Pearson',	'175',	NULL,	NULL,	1,	NULL,	1),
(289,	'M0289',	'GACCA202300289',	'Neural network Fundementals',	'N.K.Bose',	'Tata McGraw Hill',	'175',	NULL,	NULL,	1,	NULL,	1),
(290,	'M0290',	'GACCA202300290',	'Let us C Solutions',	'Y.Kanitkar',	'BPB',	'135',	NULL,	NULL,	1,	NULL,	1),
(291,	'M0291',	'GACCA202300291',	'let us C  ',	'Y.Kanitkar',	'BPB',	'180',	NULL,	NULL,	1,	NULL,	1),
(292,	'M0292',	'GACCA202300292',	'Complete Reference C++ 6',	'C.H.Pappas',	'Tata McGraw Hill',	'395',	NULL,	NULL,	1,	NULL,	1),
(293,	'M0293',	'GACCA202300293',	'Object oriented Programming C++',	'E.Balagurusamy',	'Tata McGraw Hill',	'175',	NULL,	NULL,	1,	NULL,	1),
(294,	'M0294',	'GACCA202300294',	'Complete Reference Programming C++',	'C.H.Pappas',	'Tata McGraw Hill',	'395',	NULL,	NULL,	1,	NULL,	1),
(295,	'M0295',	'GACCA202300295',	'Complete Reference Office XP',	'S.L.Nelson',	'Tata McGraw Hill',	'595',	NULL,	NULL,	1,	NULL,	1),
(296,	'M0296',	'GACCA202300296',	'Complete Reference CISCO',	'B.Hill',	'',	'595',	NULL,	NULL,	1,	NULL,	1),
(297,	'M0297',	'GACCA202300297',	'Local Area networks',	'B.A.Folouzan',	'Tata McGraw Hill',	'275',	NULL,	NULL,	1,	NULL,	1),
(298,	'M0298',	'GACCA202300298',	'Introduction to Bio Informatics',	'Sundara Rajan',	'Himalaya',	'225',	NULL,	NULL,	1,	NULL,	1),
(299,	'M0299',	'GACCA202300299',	'Object Oriented Programming in C++',	'p.Lafere',	'BPB',	'315',	NULL,	NULL,	1,	NULL,	1),
(300,	'M0300',	'GACCA202300300',	'Fundementals of Information Technology',	'A.Lean',	'Leon Tech World',	'150',	NULL,	NULL,	1,	NULL,	1),
(301,	'M0301',	'GACCA202300301',	'Complete Reference C++  ',	'M.Sehildt',	'Tata McGraw Hill',	'375',	NULL,	NULL,	1,	NULL,	1),
(302,	'M0302',	'GACCA202300302',	'Visual C++6 Programming Bible',	'R.C.Leinekar',	'IDG',	'499',	NULL,	NULL,	1,	NULL,	1),
(303,	'M0303',	'GACCA202300303',	'Oracle 9 The Complete Reference ',	'K.Loney',	'Tata McGraw Hill',	'495',	NULL,	NULL,	1,	NULL,	1),
(304,	'M0304',	'GACCA202300304',	'Programming Windoes',	'C.Petzold',	'Dreamtech',	'725',	NULL,	NULL,	1,	NULL,	1),
(305,	'M0305',	'GACCA202300305',	'Resource Management Techniques',	'V.Sundaresan',	'A.R.Publications',	'165',	NULL,	NULL,	1,	NULL,	1),
(306,	'M0306',	'GACCA202300306',	'An Introduction to Database System',	'C.J.Date',	'Narosa',	'215',	NULL,	NULL,	1,	NULL,	1),
(307,	'M0307',	'GACCA202300307',	'The Spilits of C',	'M.cooper',	'Jaico',	'225',	NULL,	NULL,	1,	NULL,	1),
(308,	'M0308',	'GACCA202300308',	'Digital Electronics',	'DC.Green',	'Pearson',	'195',	NULL,	NULL,	1,	NULL,	1),
(309,	'M0309',	'GACCA202300309',	'Modern Applied Algebra',	'G.Boriheff',	'CBS',	'110',	NULL,	NULL,	1,	NULL,	1),
(310,	'M0310',	'GACCA202300310',	'HTML Complete ',	'Sybet',	'BPB',	'199',	NULL,	NULL,	1,	NULL,	1),
(311,	'M0311',	'GACCA202300311',	'Bio Informatics',	'K.Mani',	'Kalai Kathir',	'260',	NULL,	NULL,	1,	NULL,	1),
(312,	'M0312',	'GACCA202300312',	'Principles of Interactive Computer Graphics',	'M.Newman',	'Tata McGraw Hill',	'225',	NULL,	NULL,	1,	NULL,	1),
(313,	'M0313',	'GACCA202300313',	'Visual C++ Programming',	'Y.Kanitkar',	'BPB',	'240',	NULL,	NULL,	1,	NULL,	1),
(314,	'M0314',	'GACCA202300314',	'Visual C++ Projects',	'Y.Kanitkar',	'BPB',	'270',	NULL,	NULL,	1,	NULL,	1),
(315,	'M0315',	'GACCA202300315',	'Exploring C',	'Y.Kanitkar',	'BPB',	'150',	NULL,	NULL,	1,	NULL,	1),
(316,	'M0316',	'GACCA202300316',	'Discrete of Combinational Maths',	'R.P.Guinaldi',	'Pearson',	'395',	NULL,	NULL,	1,	NULL,	1),
(317,	'M0317',	'GACCA202300317',	'Complete Practice II',	'T.Jeyapooran',	'Vikas',	'150',	NULL,	NULL,	1,	NULL,	1),
(318,	'M0318',	'GACCA202300318',	'3-D Graphics and Animation',	'M.Gianloruno',	'Pearson',	'395',	NULL,	NULL,	1,	NULL,	1),
(319,	'M0319',	'GACCA202300319',	'Advanced Accountancy II',	'R.L.Gupta',	'Sultan Chand',	'230',	NULL,	NULL,	1,	NULL,	1),
(320,	'M0320',	'GACCA202300320',	'Software Engineering ',	'S.Pressman',	'Mc Graw Hill',	'458',	NULL,	NULL,	1,	NULL,	1),
(321,	'M0321',	'GACCA202300321',	'Advanced accounts',	'M.C.Shukla',	'chand',	'525',	NULL,	NULL,	1,	NULL,	1),
(322,	'M0322',	'GACCA202300322',	'Advanced accounts',	'M.C.Shukla',	'Chand',	'525',	NULL,	NULL,	1,	NULL,	1),
(323,	'M0323',	'GACCA202300323',	'Introduction to Operations Research',	'Hillen & Lieberman',	'Tata McGraw Hill',	'450',	NULL,	NULL,	1,	NULL,	1),
(324,	'M0324',	'GACCA202300324',	'Introduction to Operations Research',	'Hillen & Lieberman',	'Tata McGraw Hill',	'450',	NULL,	NULL,	1,	NULL,	1),
(325,	'M0325',	'GACCA202300325',	'Introduction to Operations Research',	'Hillen & Lieberman',	'Tata McGraw Hill',	'450',	NULL,	NULL,	1,	NULL,	1),
(326,	'M0326',	'GACCA202300326',	'Operatin Systems',	'Tanenbaum',	'PHI',	'395',	NULL,	NULL,	1,	NULL,	1),
(327,	'M0327',	'GACCA202300327',	'Operatin Systems',	'Tanenbaum',	'PHI',	'395',	NULL,	NULL,	1,	NULL,	1),
(328,	'M0328',	'GACCA202300328',	'Operating System',	'W.Stallings',	'Pearson',	'250',	NULL,	NULL,	1,	NULL,	1),
(329,	'M0329',	'GACCA202300329',	'Neural networks',	'S.Maykin',	'Pearson',	'375',	NULL,	NULL,	1,	NULL,	1),
(330,	'M0330',	'GACCA202300330',	'Computer Architecture of Organisation',	'J.P.Mayes',	'Tata McGraw Hill',	'370',	NULL,	NULL,	1,	NULL,	1),
(331,	'M0331',	'GACCA202300331',	'Management Accounting',	'Hingoroni ',	'Sultan Chand',	'165',	NULL,	NULL,	1,	NULL,	1),
(332,	'M0332',	'GACCA202300332',	'Database Management System',	'A.Lean',	'Vikas',	'350',	NULL,	NULL,	1,	NULL,	1),
(333,	'M0333',	'GACCA202300333',	'The Complete Reference C++',	'M.schildt',	'Tata McGraw Hill',	'345',	NULL,	NULL,	1,	NULL,	1),
(334,	'M0334',	'GACCA202300334',	'The Complete Reference LINUX & CD',	'R.Peterson',	'Tata McGraw Hill',	'595',	NULL,	NULL,	1,	NULL,	1),
(335,	'M0335',	'GACCA202300335',	'Visual C++ .Net Programming',	'T.Anchol',	'Wiley ',	'449',	NULL,	NULL,	1,	NULL,	1),
(336,	'M0336',	'GACCA202300336',	'TCP/IP Bible',	'R.Serimger',	'IDG',	'399',	NULL,	NULL,	1,	NULL,	1),
(337,	'M0337',	'GACCA202300337',	'Exploring Microsoft Office XP',	'R.Ball',	'Cyber Tech',	'250',	NULL,	NULL,	1,	NULL,	1),
(338,	'M0338',	'GACCA202300338',	'UNIX Network Programming',	'R.Stevens',	'PHI',	'195',	NULL,	NULL,	1,	NULL,	1),
(339,	'M0339',	'GACCA202300339',	'Digital Signal Processing',	'S.K.Nietra',	'Tata McGraw Hill',	'295',	NULL,	NULL,	1,	NULL,	1),
(340,	'M0340',	'GACCA202300340',	'Applied Cryptography ',	'B.Schmeil',	'Wiley ',	'451',	NULL,	NULL,	1,	NULL,	1),
(341,	'M0341',	'GACCA202300341',	'Graphics Programming in C',	'R.T.Stevene',	'BPB',	'300',	NULL,	NULL,	1,	NULL,	1),
(342,	'M0342',	'GACCA202300342',	'Red Mat LINUX 7.3 Bible 3CD',	'C.Nages',	'Wiley ',	'499',	NULL,	NULL,	1,	NULL,	1),
(343,	'M0343',	'GACCA202300343',	'Complete Reference UNIX',	'K.Rosen',	'Tata McGraw Hill',	'450',	NULL,	NULL,	1,	NULL,	1),
(344,	'M0344',	'GACCA202300344',	'Red Mat LINUX 8 server',	'M.J.Kabil',	'Tata McGraw Hill',	'329',	NULL,	NULL,	1,	NULL,	1),
(345,	'M0345',	'GACCA202300345',	'Complete Reference Internet',	'M.L.Young',	'Tata McGraw Hill',	'395',	NULL,	NULL,	1,	NULL,	1),
(346,	'M0346',	'GACCA202300346',	'Decision Support and Data Warehouse System',	'E.G.Mallaeh',	'Tata McGraw Hill',	'325',	NULL,	NULL,	1,	NULL,	1),
(347,	'M0347',	'GACCA202300347',	'Networking Security',	'C.Kaufman',	'PHI',	'325',	NULL,	NULL,	1,	NULL,	1),
(348,	'M0348',	'GACCA202300348',	'Neural Network Fuzzy Logic and Genetic Algorithms CD',	'S.Raja Sekalan',	'PHI',	'325',	NULL,	NULL,	1,	NULL,	1),
(349,	'M0349',	'GACCA202300349',	'Discrete Event System Simulation',	'J.Banks',	'PHI',	'175',	NULL,	NULL,	1,	NULL,	1),
(350,	'M0350',	'GACCA202300350',	'Spectro Chemistry',	'P.S.Kalss',	'New Age',	'210',	NULL,	NULL,	1,	NULL,	1),
(351,	'M0351',	'GACCA202300351',	'Probability of Ststistics with Reliability Queing and C/s',	'Trevedi',	'PHI',	'150',	NULL,	NULL,	1,	NULL,	1),
(352,	'M0352',	'GACCA202300352',	'Neural Networks and Fuzzy System CD',	'B.Kasko',	'PHI',	'275',	NULL,	NULL,	1,	NULL,	1),
(353,	'M0353',	'GACCA202300353',	'C# CD',	'C.Xavier',	'Sci Tech',	'320',	NULL,	NULL,	1,	NULL,	1),
(354,	'M0354',	'GACCA202300354',	'C# CD',	'C.Xavier',	'Sci Tech',	'320',	NULL,	NULL,	1,	NULL,	1),
(355,	'M0355',	'GACCA202300355',	'C# CD',	'C.Xavier',	'Sci Tech',	'320',	NULL,	NULL,	1,	NULL,	1),
(356,	'M0356',	'GACCA202300356',	'Computer Concepts and C Programming',	'R.Rajaraman',	'Sci Tech',	'135',	NULL,	NULL,	1,	NULL,	1),
(357,	'M0357',	'GACCA202300357',	'Computer Concepts and C Programming',	'R.Rajaraman',	'Sci Tech',	'135',	NULL,	NULL,	1,	NULL,	1),
(358,	'M0358',	'GACCA202300358',	'Computer Concepts and C Programming',	'R.Rajaraman',	'Sci Tech',	'135',	NULL,	NULL,	1,	NULL,	1),
(359,	'M0359',	'GACCA202300359',	'C and Data Structures',	'P.Radhaganeshan',	'Sci Tech',	'160',	NULL,	NULL,	1,	NULL,	1),
(360,	'M0360',	'GACCA202300360',	'C and Data Structures',	'P.Radhaganeshan',	'Sci Tech',	'160',	NULL,	NULL,	1,	NULL,	1),
(361,	'M0361',	'GACCA202300361',	'C and Data Structures',	'P.Radhaganeshan',	'Sci Tech',	'160',	NULL,	NULL,	1,	NULL,	1),
(362,	'M0362',	'GACCA202300362',	'Problem Solving Using C',	'R.Rajaram ',	'Sci Tech',	'80',	NULL,	NULL,	1,	NULL,	1),
(363,	'M0363',	'GACCA202300363',	'Problem Solving Using C',	'R.Rajaram ',	'Sci Tech',	'80',	NULL,	NULL,	1,	NULL,	1),
(364,	'M0364',	'GACCA202300364',	'Problem Solving Using C',	'R.Rajaram ',	'Sci Tech',	'80',	NULL,	NULL,	1,	NULL,	1),
(365,	'M0365',	'GACCA202300365',	'Projects Using C',	'Prn.Varalakshimi',	'Sci Tech',	'220',	NULL,	NULL,	1,	NULL,	1),
(366,	'M0366',	'GACCA202300366',	'Projects Using C',	'Prn.Varalakshimi',	'Sci Tech',	'220',	NULL,	NULL,	1,	NULL,	1),
(367,	'M0367',	'GACCA202300367',	'Projects Using C',	'Prn.Varalakshimi',	'Sci Tech',	'220',	NULL,	NULL,	1,	NULL,	1),
(368,	'M0368',	'GACCA202300368',	'Projects On Java 2',	'C.Xavier',	'Sci Tech',	'410',	NULL,	NULL,	1,	NULL,	1),
(369,	'M0369',	'GACCA202300369',	'Projects On Java 2',	'C.Xavier',	'Sci Tech',	'410',	NULL,	NULL,	1,	NULL,	1),
(370,	'M0370',	'GACCA202300370',	'Projects On Java 2',	'C.Xavier',	'Sci Tech',	'410',	NULL,	NULL,	1,	NULL,	1),
(371,	'M0371',	'GACCA202300371',	'Programming in Java 2',	'R.Rajaram',	'Sci Tech',	'175',	NULL,	NULL,	1,	NULL,	1),
(372,	'M0372',	'GACCA202300372',	'Programming in Java 2',	'R.Rajaram',	'Sci Tech',	'175',	NULL,	NULL,	1,	NULL,	1),
(373,	'M0373',	'GACCA202300373',	'Programming in Java 2',	'R.Rajaram',	'Sci Tech',	'175',	NULL,	NULL,	1,	NULL,	1),
(374,	'M0374',	'GACCA202300374',	'Operating Systems',	'P.B.Prasad',	'Sci Tech',	'175',	NULL,	NULL,	1,	NULL,	1),
(375,	'M0375',	'GACCA202300375',	'Operating Systems',	'P.B.Prasad',	'Sci Tech',	'175',	NULL,	NULL,	1,	NULL,	1),
(376,	'M0376',	'GACCA202300376',	'Operating Systems',	'P.B.Prasad',	'Sci Tech',	'175',	NULL,	NULL,	1,	NULL,	1),
(377,	'M0377',	'GACCA202300377',	'VB 6.0 in 30 days',	'N.Krishnan',	'Sci Tech',	'220',	NULL,	NULL,	1,	NULL,	1),
(378,	'M0378',	'GACCA202300378',	'VB 6.0 in 30 days',	'N.Krishnan',	'Sci Tech',	'220',	NULL,	NULL,	1,	NULL,	1),
(379,	'M0379',	'GACCA202300379',	'VB 6.0 in 30 days',	'N.Krishnan',	'Sci Tech',	'220',	NULL,	NULL,	1,	NULL,	1),
(380,	'M0380',	'GACCA202300380',	'Discrete Structures and Graph Theory',	'Bhisma Rao',	'Sci Tech',	'155',	NULL,	NULL,	1,	NULL,	1),
(381,	'M0381',	'GACCA202300381',	'Discrete Structures and Graph Theory',	'Bhisma Rao',	'Sci Tech',	'155',	NULL,	NULL,	1,	NULL,	1),
(382,	'M0382',	'GACCA202300382',	'Discrete Structures and Graph Theory',	'Bhisma Rao',	'Sci Tech',	'155',	NULL,	NULL,	1,	NULL,	1),
(383,	'M0383',	'GACCA202300383',	'Programming with java 2',	'C.Xavier',	'Sci Tech',	'270',	NULL,	NULL,	1,	NULL,	1),
(384,	'M0384',	'GACCA202300384',	'Programming with java 2',	'C.Xavier',	'Universities Press',	'270',	NULL,	NULL,	1,	NULL,	1),
(385,	'M0385',	'GACCA202300385',	'Programming with java 2',	'C.Xavier',	'Sci Tech',	'270',	NULL,	NULL,	1,	NULL,	1),
(386,	'M0386',	'GACCA202300386',	'Numerical Methods',	'S.Arumugam',	'Sci Tech',	'205',	NULL,	NULL,	1,	NULL,	1),
(387,	'M0387',	'GACCA202300387',	'Numerical Methods',	'S.Arumugam',	'Sci Tech',	'205',	NULL,	NULL,	1,	NULL,	1),
(388,	'M0388',	'GACCA202300388',	'Numerical Methods',	'S.Arumugam',	'Sci Tech',	'205',	NULL,	NULL,	1,	NULL,	1),
(389,	'M0389',	'GACCA202300389',	'Projects Using C++',	'Varalakshimi',	'Sci Tech',	'175',	NULL,	NULL,	1,	NULL,	1),
(390,	'M0390',	'GACCA202300390',	'Projects Using C++',	'Varalakshimi',	'Sci Tech',	'175',	NULL,	NULL,	1,	NULL,	1),
(391,	'M0391',	'GACCA202300391',	'Projects Using C++',	'Varalakshimi',	'Sci Tech',	'175',	NULL,	NULL,	1,	NULL,	1),
(392,	'M0392',	'GACCA202300392',	'Programming with C++',	'P.Radhaganeshan',	'Sci Tech',	'250',	NULL,	NULL,	1,	NULL,	1),
(393,	'M0393',	'GACCA202300393',	'Programming with C++',	'P.Radhaganeshan',	'Sci Tech',	'250',	NULL,	NULL,	1,	NULL,	1),
(394,	'M0394',	'GACCA202300394',	'Programming with C++',	'P.Radhaganeshan',	'Sci Tech',	'250',	NULL,	NULL,	1,	NULL,	1),
(395,	'M0395',	'GACCA202300395',	'Software Project Management',	'Bob Hughes & Mike Cotterell',	'Tata McGraw Hill',	'300',	NULL,	NULL,	1,	NULL,	1),
(396,	'M0396',	'GACCA202300396',	'Software Project Management',	'Bob Hughes & Mike Cotterell',	'Tata McGraw Hill',	'300',	NULL,	NULL,	1,	NULL,	1),
(397,	'M0397',	'GACCA202300397',	'Software Quality',	'Mordechai Ben-Merachen Garry S.Marslin',	'Vikas',	'350',	NULL,	NULL,	1,	NULL,	1),
(398,	'M0398',	'GACCA202300398',	'Software Project Management',	'Joel Henry',	'Pearson',	'275',	NULL,	NULL,	1,	NULL,	1),
(399,	'M0399',	'GACCA202300399',	'Database System Concepts',	'Silborsehatz,Karth,Sudharsan',	'International Edition',	'650',	NULL,	NULL,	1,	NULL,	1),
(400,	'M0400',	'GACCA202300400',	'Database System Concepts',	'Silborsehatz,Karth,Sudharsan',	'International Edition',	'650',	NULL,	NULL,	1,	NULL,	1),
(401,	'M0401',	'GACCA202300401',	'Software Project Management',	'Kieron Conway',	'Dreamtech',	'449',	NULL,	NULL,	1,	NULL,	1),
(402,	'M0402',	'GACCA202300402',	'An Embedded Software Primer',	'David E.Simon',	'Pearson',	'360',	NULL,	NULL,	1,	NULL,	1),
(403,	'M0403',	'GACCA202300403',	'An Embedded Software Primer',	'David E.Simon',	'Pearson',	'360',	NULL,	NULL,	1,	NULL,	1),
(404,	'M0404',	'GACCA202300404',	'An Embedded Software Primer',	'David E.Simon',	'Pearson',	'360',	NULL,	NULL,	1,	NULL,	1),
(405,	'M0405',	'GACCA202300405',	'Data Mining',	'Jawei Han,Michaline Kamber',	'Morgan',	'395',	NULL,	NULL,	1,	NULL,	1),
(406,	'M0406',	'GACCA202300406',	'Essentials of Management',	'Harold Koontz,Heinze Weihrich',	'Tata McGraw Hill',	'210',	NULL,	NULL,	1,	NULL,	1),
(407,	'M0407',	'GACCA202300407',	'Essentials of Management',	'Harold Koontz,Heinze Weihrich',	'Tata McGraw Hill',	'210',	NULL,	NULL,	1,	NULL,	1),
(408,	'M0408',	'GACCA202300408',	'Marketing Management',	'Philip Kotler,Kevin Lane Keller',	'Prentice-Hall of India',	'495',	NULL,	NULL,	1,	NULL,	1),
(409,	'M0409',	'GACCA202300409',	'The Complete Reference-LINUX',	'Richard Peterson',	'Tata McGraw Hill',	'595',	NULL,	NULL,	1,	NULL,	1),
(410,	'M0410',	'GACCA202300410',	'Programming with JAVA',	'E.Balagurusamy',	'Tata McGraw Hill',	'199',	NULL,	NULL,	1,	NULL,	1),
(411,	'M0411',	'GACCA202300411',	'Programming with JAVA',	'E.Balagurusamy',	'Tata McGraw Hill',	'199',	NULL,	NULL,	1,	NULL,	1),
(412,	'M0412',	'GACCA202300412',	'Bio Informatics Computing',	'Bryan Bergeron',	'Prentice-Hall of India',	'250',	NULL,	NULL,	1,	NULL,	1),
(413,	'M0413',	'GACCA202300413',	'Visual C++ 6 Programming',	'Steve Holzners',	'Wiley ',	'299',	NULL,	NULL,	1,	NULL,	1),
(414,	'49674',	'GACCA202300414',	'Computer Algorithms/c++',	'Ellis Horowitz',	'University Press',	'395',	NULL,	NULL,	1,	NULL,	1),
(415,	'49675',	'GACCA202300415',	'Programming with JAVA',	'E.Balagurusamy',	'Mc Grew Hill',	'450',	NULL,	NULL,	1,	NULL,	1),
(416,	'49676',	'GACCA202300416',	'Programming with JAVA',	'E.Balagurusamy',	'Mc Grew Hill',	'450',	NULL,	NULL,	1,	NULL,	1),
(417,	'49677',	'GACCA202300417',	'Software Engineering',	'Roger S.Pressman',	'Mc Grew Hill',	'774',	NULL,	NULL,	1,	NULL,	1),
(418,	'49678',	'GACCA202300418',	'Programming in ANSI C',	'E.Balagurusamy',	'Mc Grew Hill',	'399',	NULL,	NULL,	1,	NULL,	1),
(419,	'49679',	'GACCA202300419',	'Introduction to the Design Algorithms',	'Anany Levitin',	'Pearson',	'425',	NULL,	NULL,	1,	NULL,	1),
(420,	'49680',	'GACCA202300420',	'Object Oriented Programming with C++',	'E.Balagurusamy',	'Mc Grew Hill',	'375',	NULL,	NULL,	1,	NULL,	1),
(421,	'49681',	'GACCA202300421',	'Web Technology',	'N.P.Gopalan',	'PHP Learning',	'275',	NULL,	NULL,	1,	NULL,	1),
(422,	'49682',	'GACCA202300422',	'Web Technology',	'N.P.Gopalan',	'PHP Learning',	'275',	NULL,	NULL,	1,	NULL,	1),
(423,	'49683',	'GACCA202300423',	'Classic Data Structures',	'D.Samanta',	'PHP Learning',	'495',	NULL,	NULL,	1,	NULL,	1),
(424,	'49684',	'GACCA202300424',	'Classic Data Structures',	'D.Samanta',	'PHP Learning',	'495',	NULL,	NULL,	1,	NULL,	1),
(425,	'49685',	'GACCA202300425',	'Digital Logic and Computer Design',	'M.Morris Mano',	'Pearson',	'600',	NULL,	NULL,	1,	NULL,	1),
(426,	'49686',	'GACCA202300426',	'Digital Logic and Computer Design',	'M.Morris Mano',	'Pearson',	'600',	NULL,	NULL,	1,	NULL,	1),
(427,	'49687',	'GACCA202300427',	'UML Distilled',	'Martin Flower',	'Pearson',	'295',	NULL,	NULL,	1,	NULL,	1),
(428,	'49688',	'GACCA202300428',	'Object Oriented Analysis & Design with Application',	'G.Booch',	'Pearson',	'849',	NULL,	NULL,	1,	NULL,	1),
(429,	'49689',	'GACCA202300429',	'Programming in C#',	'E.Balagurusamy',	'Tata McGraw Hill',	'375',	NULL,	NULL,	1,	NULL,	1),
(430,	'49690',	'GACCA202300430',	'Enterprise Java Beans',	'Tom Valesky',	'Pearson',	'579',	NULL,	NULL,	1,	NULL,	1),
(431,	'49691',	'GACCA202300431',	'Visual C++ 6',	'John Paul Mueller',	'Tata McGraw Hill',	'425',	NULL,	NULL,	1,	NULL,	1),
(432,	'49692',	'GACCA202300432',	'Cloud Computing',	'v.K.Pachghare',	'PHI',	'350',	NULL,	NULL,	1,	NULL,	1),
(433,	'49693',	'GACCA202300433',	'Computer Networks',	'Andrew S.Tanenbaum',	'PHI',	'325',	NULL,	NULL,	1,	NULL,	1),
(434,	'49694',	'GACCA202300434',	'Flash CS6 in simple steps',	'Kogent',	'DreamTech',	'299',	NULL,	NULL,	1,	NULL,	1),
(435,	'49695',	'GACCA202300435',	'The Complete Reference JSP 2.0',	'Phil Hanna',	'Tata McGraw Hill',	'575',	NULL,	NULL,	1,	NULL,	1),
(436,	'49696',	'GACCA202300436',	'HTML,JAVA SCRIPT,DHTML & PHP',	'Ivan Bayross',	'BPB Publications',	'399',	NULL,	NULL,	1,	NULL,	1),
(437,	'49697',	'GACCA202300437',	'Principles of Management',	'Harold Koontz',	'Tata McGraw Hill',	'210',	NULL,	NULL,	1,	NULL,	1),
(438,	'49698',	'GACCA202300438',	'Visual Basic 2005 Programming',	'Steven Holzner',	'DreamTech',	'529',	NULL,	NULL,	1,	NULL,	1),
(439,	'49699',	'GACCA202300439',	'Operating System',	'Harvey M.Deitel',	'Pearson',	'695',	NULL,	NULL,	1,	NULL,	1),
(440,	'49700',	'GACCA202300440',	'Distributed Operating System',	'Andrew S.Tanenbaum',	'Pearson',	'365',	NULL,	NULL,	1,	NULL,	1),
(441,	'49701',	'GACCA202300441',	'Cloud Computing',	'Anthony T.Velte',	'Mc Grew Hill',	'635',	NULL,	NULL,	1,	NULL,	1),
(442,	'49702',	'GACCA202300442',	'E-Commerce',	'P.T.Joseph',	'PHI',	'425',	NULL,	NULL,	1,	NULL,	1),
(443,	'49703',	'GACCA202300443',	'Client/Server Survival Guide',	'Robert Orfali',	'Wiley',	'629',	NULL,	NULL,	1,	NULL,	1),
(444,	'49704',	'GACCA202300444',	'Multimedia:Making it work',	'Tay Vaughan',	'Tata McGraw Hill',	'650',	NULL,	NULL,	1,	NULL,	1),
(445,	'49705',	'GACCA202300445',	'Compilers',	'Alfred V.Aho',	'Pearson',	'425',	NULL,	NULL,	1,	NULL,	1),
(446,	'49706',	'GACCA202300446',	'World Wide Web Design with HTML',	'C.Xavier/Tay Vaugher',	'Mc Grew Hill',	'430',	NULL,	NULL,	1,	NULL,	1),
(447,	'49707',	'GACCA202300447',	'Internet & Web Technologies',	'Raj Kammal',	'Mc Grew Hill',	'699',	NULL,	NULL,	1,	NULL,	1),
(448,	'49708',	'GACCA202300448',	'Web Technology & Design',	'C.Xavier',	'New Age International',	'299',	NULL,	NULL,	1,	NULL,	1),
(449,	'49709',	'GACCA202300449',	'The Complete Reference Visual C++6',	'Chris H.Pappas',	'Tata McGraw Hill',	'595',	NULL,	NULL,	1,	NULL,	1),
(450,	'49710',	'GACCA202300450',	'The Complete Reference Java',	'Herbert Schildt',	'Mc Grew Hill',	'750',	NULL,	NULL,	1,	NULL,	1),
(451,	'49711',	'GACCA202300451',	'UNIX Concepts & Applications',	'Sumitabha Das',	'Tata McGraw Hill',	'475',	NULL,	NULL,	1,	NULL,	1),
(452,	'49712',	'GACCA202300452',	'Research Methodology',	'C.R.Kothari',	'New Age International',	'475',	NULL,	NULL,	1,	NULL,	1),
(453,	'49713',	'GACCA202300453',	'Compiler Design',	'Dr.R.Venkatesh',	'Yesdee',	'295',	NULL,	NULL,	1,	NULL,	1),
(454,	'49714',	'GACCA202300454',	'EJB 3 in Action',	'Debu Panda',	'DreamTech',	'499',	NULL,	NULL,	1,	NULL,	1),
(455,	'49715',	'GACCA202300455',	'Statistical Computing',	'Debasis Kundu ',	'Narosa',	'350',	NULL,	NULL,	1,	NULL,	1),
(456,	'49716',	'GACCA202300456',	'Artificial Intelligence & Neural Networks',	'K.Uma Rao',	'Pearson',	'460',	NULL,	NULL,	1,	NULL,	1),
(457,	'49717',	'GACCA202300457',	'Neuro-Fuzzy & Soft Computing',	'J.S.R. Jang',	'Pearson',	'519',	NULL,	NULL,	1,	NULL,	1),
(458,	'49718',	'GACCA202300458',	'Pervasive Computing',	'Jochen ',	'Pearson',	'699',	NULL,	NULL,	1,	NULL,	1),
(459,	'49719',	'GACCA202300459',	'Visual C#.Net',	'C.Muthu',	'Vijay Nicole',	'350',	NULL,	NULL,	1,	NULL,	1),
(460,	'49720',	'GACCA202300460',	'Programming with C#.Net',	'J.G.R.Sathiaseelan',	'PHI',	'350',	NULL,	NULL,	1,	NULL,	1),
(461,	'49721',	'GACCA202300461',	'Software Engineering',	'Sommervanavel',	'Pearson',	'575',	NULL,	NULL,	1,	NULL,	1),
(462,	'49722',	'GACCA202300462',	'The Java Pragramming Language',	'Ken Arnold',	'Pearson',	'399',	NULL,	NULL,	1,	NULL,	1),
(463,	'49723',	'GACCA202300463',	'Research Methodology',	'P.Saravanavel',	'Cilab Mahal',	'260',	NULL,	NULL,	1,	NULL,	1),
(464,	'49724',	'GACCA202300464',	'The Complete Reference PHP',	'Steven Holzner',	'Mc Grew Hill',	'650',	NULL,	NULL,	1,	NULL,	1),
(465,	'49725',	'GACCA202300465',	'Principles of Compiler Design',	'Alfred V.Aho',	'Narosa',	'475',	NULL,	NULL,	1,	NULL,	1),
(466,	'49726',	'GACCA202300466',	'Principles of Management',	'J.Jayasankar',	'Margham',	'140',	NULL,	NULL,	1,	NULL,	1),
(467,	'49727',	'GACCA202300467',	'Environment Studies',	'J.Dharmaraj',	'Denchi',	'90',	NULL,	NULL,	1,	NULL,	1),
(468,	'49728',	'GACCA202300468',	'Indian Writing in English',	'Paavai',	'Paavai',	'50',	NULL,	NULL,	1,	NULL,	1),
(469,	'49729',	'GACCA202300469',	'Let us C',	'Yashavant Kanetkar',	'BPB Publications',	'279',	NULL,	NULL,	1,	NULL,	1),
(470,	'49951',	'GACCA202300470',	'Developing Web Applicatins in PHP & Ajax',	'B.M.Harwani',	'Tata McGraw Hill',	'425',	NULL,	NULL,	1,	NULL,	1),
(471,	'49952',	'GACCA202300471',	'Cloud Computing Black Book',	'Kailash',	'DreamTech',	'599',	NULL,	NULL,	1,	NULL,	1),
(472,	'49953',	'GACCA202300472',	' Visual Basic .Net ',	'Shirish chavan',	'',	'699',	NULL,	NULL,	1,	NULL,	1),
(473,	'49954',	'GACCA202300473',	'Principles Soft Computing',	'S.N.Sivanandam',	'Wiley',	'679',	NULL,	NULL,	1,	NULL,	1),
(474,	'49955',	'GACCA202300474',	'Bigdata and Analytics',	'Seema Archarya',	'Wiley',	'539',	NULL,	NULL,	1,	NULL,	1),
(475,	'49956',	'GACCA202300475',	'Data Structures & Algorithm Analysis in C++',	'Mark Allen Weiss',	'Pearson',	'650',	NULL,	NULL,	1,	NULL,	1),
(476,	'49957',	'GACCA202300476',	'Computer science',	'Behrouz A.Forouzai',	'Cangage Learning',	'425',	NULL,	NULL,	1,	NULL,	1),
(477,	'49958',	'GACCA202300477',	'Java Web Services Programming',	'Rashim magha',	'Wiley',	'429',	NULL,	NULL,	1,	NULL,	1),
(478,	'49959',	'GACCA202300478',	'The Essential Guide to User Interface Design',	'Wilbert O.Galitz',	'Wiley',	'479',	NULL,	NULL,	1,	NULL,	1),
(479,	'49960',	'GACCA202300479',	'XML & JAVA Developing Web Applications',	'Maruyamma ',	'Pearson',	'350',	NULL,	NULL,	1,	NULL,	1),
(480,	'49961',	'GACCA202300480',	'Building Android Apps',	'Mike Mcgrath',	'Tata McGraw Hill',	'195',	NULL,	NULL,	1,	NULL,	1),
(481,	'49962',	'GACCA202300481',	'Linux',	'Mike Mcgrath',	'Tata McGraw Hill',	'195',	NULL,	NULL,	1,	NULL,	1),
(482,	'49963',	'GACCA202300482',	'The Complete Reference J2EE ',	'Jim Keogh',	'Tata McGraw Hill',	'595',	NULL,	NULL,	1,	NULL,	1),
(483,	'49964',	'GACCA202300483',	'Creating Android Applications',	'Chris Haseman',	'Pearson',	'325',	NULL,	NULL,	1,	NULL,	1),
(484,	'49965',	'GACCA202300484',	'Oracle PL/SQL Programming',	'Dreamtech/Kegent',	'DreamTech',	'229',	NULL,	NULL,	1,	NULL,	1),
(485,	'49966',	'GACCA202300485',	'Big Data Black Book',	'Dreamtech/DT Editorial Services',	'DreamTech',	'899',	NULL,	NULL,	1,	NULL,	1),
(486,	'49967',	'GACCA202300486',	'Android Application Development Dummies',	'Barry Burel',	'Wiley',	'599',	NULL,	NULL,	1,	NULL,	1),
(487,	'49968',	'GACCA202300487',	'Software Engineering',	'Lan Sommerville',	'Addison Wasley',	'528',	NULL,	NULL,	1,	NULL,	1),
(488,	'49969',	'GACCA202300488',	'Java 6',	'Budi Kurniawan',	'BPB Publications',	'180',	NULL,	NULL,	1,	NULL,	1),
(489,	'49970',	'GACCA202300489',	'Beginning HTML,XHTML,CSS & JavaScript',	'Jon Duckett ',	'Wiley',	'699',	NULL,	NULL,	1,	NULL,	1),
(490,	'49971',	'GACCA202300490',	'Mining of Massive Datasets',	'Jure Leskovec',	'Wiley',	'649',	NULL,	NULL,	1,	NULL,	1),
(491,	'49972',	'GACCA202300491',	'Big Data Big Analytics',	'Michael Minelli',	'Wiley',	'599',	NULL,	NULL,	1,	NULL,	1),
(492,	'49973',	'GACCA202300492',	'Cloud Computing',	'Dr.Kumar Saurabh',	'Wiley',	'569',	NULL,	NULL,	1,	NULL,	1),
(493,	'49974',	'GACCA202300493',	'High Speed Networks & Internets',	'William Stallings',	'Pearson',	'450',	NULL,	NULL,	1,	NULL,	1),
(494,	'49975',	'GACCA202300494',	'Software Testing',	'Naresh Chauhan',	'Oxford university Press',	'575',	NULL,	NULL,	1,	NULL,	1),
(495,	'49976',	'GACCA202300495',	'Professional Hadoop',	'Benny Antony',	'Wrox',	'399',	NULL,	NULL,	1,	NULL,	1),
(496,	'49977',	'GACCA202300496',	'PHP and MYSQL',	'steven Suehring ',	'Wiley',	'699',	NULL,	NULL,	1,	NULL,	1),
(497,	'49978',	'GACCA202300497',	'Neural Networks',	'Satish Kumar',	'Tata McGraw Hill',	'495',	NULL,	NULL,	1,	NULL,	1),
(498,	'49979',	'GACCA202300498',	'Comdex Linux & Open Office Course Kit',	'Vikas Gupta',	'DreamTech',	'219',	NULL,	NULL,	1,	NULL,	1),
(499,	'49980',	'GACCA202300499',	'Internet Cryptography',	'Richard E.Smith',	'Pearson',	'629',	NULL,	NULL,	1,	NULL,	1),
(500,	'49981',	'GACCA202300500',	'Fundementals of Mobile & Pervasive Comp[uting',	'Frank Adelstien',	'Tata McGraw Hill',	'440',	NULL,	NULL,	1,	NULL,	1),
(501,	'49982',	'GACCA202300501',	'Go Embedded',	'Yashvant Kanetkar',	'BPB Publications',	'150',	NULL,	NULL,	1,	NULL,	1),
(502,	'49983',	'GACCA202300502',	'Computer science',	'ITI Educational Solution',	'Pearson',	'350',	NULL,	NULL,	1,	NULL,	1),
(503,	'49984',	'GACCA202300503',	'Cloud Computing for Dummies',	'Judith Hurwitz',	'Wiley',	'499',	NULL,	NULL,	1,	NULL,	1),
(504,	'49985',	'GACCA202300504',	'java Server Pages',	'Ankur Saxena',	'MJP',	'495',	NULL,	NULL,	1,	NULL,	1),
(505,	'49986',	'GACCA202300505',	'General Knowledge',	'R.Rattan',	'SR',	'50',	NULL,	NULL,	1,	NULL,	1),
(506,	'49987',	'GACCA202300506',	'Principles of Multimedia',	'Rajan Parekl',	'Mc Grew Hill',	'675',	NULL,	NULL,	1,	NULL,	1),
(507,	'49988',	'GACCA202300507',	'Photoshop CS6 in simple steps',	'Dreamtech',	'DreamTech',	'299',	NULL,	NULL,	1,	NULL,	1),
(508,	'49989',	'GACCA202300508',	'Linux Server Security',	'Chris bennie',	'Wiley',	'599',	NULL,	NULL,	1,	NULL,	1),
(509,	'49990',	'GACCA202300509',	'Programming in Python 3',	'Mark Summerfield',	'Pearson',	'499',	NULL,	NULL,	1,	NULL,	1),
(510,	'49991',	'GACCA202300510',	'Microsoft Visual C#.Net 2003',	'Steven Holzner',	'',	'325',	NULL,	NULL,	1,	NULL,	1),
(511,	'49992',	'GACCA202300511',	'The Unified Modeling Language User Guide',	'Gredy Booch',	'Pearson',	'475',	NULL,	NULL,	1,	NULL,	1),
(512,	'49993',	'GACCA202300512',	'C# and the .Net Platform',	'Andrew  Troelsen',	'Apress',	'499',	'',	'',	1,	'',	1),
(513,	'49994',	'GACCA202300513',	'Environment Studies',	'Dr.Radha',	'Pearson',	'70',	'',	'',	1,	'',	1),
(514,	'49995',	'GACCA202300514',	'Compiler Construction Using Java,Javacc & Yacc',	'Antony J.Dos Reis',	'Wiley',	'649',	'',	'',	1,	'',	1),
(515,	'49996',	'GACCA202300515',	'Compiler',	'Alfred V.Aho',	'Pearson',	'629',	'',	'',	1,	'',	1),
(516,	'49997',	'GACCA202300516',	'Computer Graphics',	'Steven Harrington',	'Mc Grew Hill',	'595',	'',	'',	1,	'',	1),
(517,	'49998',	'GACCA202300517',	'Better English pronouncation',	'Thakur K.B.P.Sinha',	'Vijay Nicole',	'150',	'',	'',	1,	'',	1),
(518,	'49999',	'GACCA202300518',	'The Art of Speaking English',	'Haripal Rawat',	'Vpkar Prakashan',	'76',	'',	'',	1,	'',	1),
(519,	'50000',	'GACCA202300519',	'Spelling & Pronunciation Dictionary of offred',	'C.Venkat',	'Sura Books',	'50',	'',	'',	1,	'',	1),
(520,	'50001',	'GACCA202300520',	'Art of Sentence making in English',	'J.D.Murthy',	'Book Palace',	'95',	'',	'',	1,	'',	1),
(521,	'50002',	'GACCA202300521',	'Compact English-Eng-Tamil Dictionary',	'Oxford',	'Oxford University ',	'360',	'',	'',	1,	'',	1),
(522,	'50003',	'GACCA202300522',	'Writing TSRB Through C',	'Yasvant Kanetkar',	'BPB Publications',	'225',	'',	'',	1,	'',	1),
(523,	'50004',	'GACCA202300523',	'Unix Shell Programming ',	'Yaswant Kanetkar',	'BPB Publications',	'225',	'',	'',	1,	'',	1),
(524,	'50005',	'GACCA202300524',	'Cvs & Bio Datas an Ultimate guide',	'',	'Maphe',	'95',	'',	'',	1,	'',	1),
(525,	'50006',	'GACCA202300525',	'Internet & Web Page Design',	'P.D.Muraka',	'BPB Publications',	'150',	NULL,	NULL,	1,	NULL,	1),
(526,	'50007',	'GACCA202300526',	'Essentials PHP',	'Julie C.Meloni',	'BPB Publications',	'180',	NULL,	NULL,	1,	NULL,	1),
(527,	'50008',	'GACCA202300527',	'Environment Studies',	'N.Karunanithi',	'Jazym',	'75',	NULL,	NULL,	1,	NULL,	1),
(528,	'50009',	'GACCA202300528',	'Teach Yourself Spoken English',	'L.Raghavan',	'Arun Punlishers',	'69',	NULL,	NULL,	1,	NULL,	1),
(529,	'50010',	'GACCA202300529',	'Environmental Studies',	'J.Thiyagarajan',	'Paavai',	'40',	NULL,	NULL,	1,	NULL,	1),
(530,	'50011',	'GACCA202300530',	'Improve Your Vocabulary',	'R.Gupta',	'Ramesh',	'60',	NULL,	NULL,	1,	NULL,	1),
(531,	'50012',	'GACCA202300531',	'Human Resource Management',	'S.M.Mendi',	'Prakash',	'72',	NULL,	NULL,	1,	NULL,	1),
(532,	'50013',	'GACCA202300532',	'Conduct Effective Interviews',	'Arun Debson',	'Jaiko',	'125',	NULL,	NULL,	1,	NULL,	1),
(533,	'50014',	'GACCA202300533',	'Group Discussion & Interviews',	'Sankaran',	'M2',	'85',	NULL,	NULL,	1,	NULL,	1),
(534,	'50015',	'GACCA202300534',	'Data Mining',	'Pieter Adrians',	'Pearson',	'579',	NULL,	NULL,	1,	NULL,	1),
(535,	'50618',	'GACCA202300535',	'Computer Objectives',	'G.K.Mittal',	'GK Publishers',	'395',	NULL,	NULL,	1,	NULL,	1),
(536,	'50619',	'GACCA202300536',	'Objective Computer Science & I.Technology',	'G.K.Mittal',	'GK Publishers',	'450',	NULL,	NULL,	1,	NULL,	1),
(537,	'50620',	'GACCA202300537',	'Quantative Aptitude for Completive Exam',	'Gautam Puri',	'GK Publishers/Sahara',	'595',	NULL,	NULL,	1,	NULL,	1),
(538,	'50621',	'GACCA202300538',	'Grid Computing',	'Joshy Joseph',	'Pearson',	'399',	NULL,	NULL,	1,	NULL,	1),
(539,	'50622',	'GACCA202300539',	'Cryptography & Network Security',	'A.Forouzan',	'Tata McGraw Hill',	'415',	NULL,	NULL,	1,	NULL,	1),
(540,	'50623',	'GACCA202300540',	'Mallab',	'Rudra Pratap',	'Oxford University',	'335',	NULL,	NULL,	1,	NULL,	1),
(541,	'50624',	'GACCA202300541',	'Web Technologies',	'Uttam K.Roy',	'Oxford University',	'495',	NULL,	NULL,	1,	NULL,	1),
(542,	'50625',	'GACCA202300542',	'Dreamweaver CS5 in simple steps',	'Kogent',	'DreamTech Press',	'199',	NULL,	NULL,	1,	NULL,	1),
(543,	'50626',	'GACCA202300543',	'HTML,JavaScript,DHTML & PHP',	'Ivan Bayress',	'BPB Publications',	'399',	NULL,	NULL,	1,	NULL,	1),
(544,	'50627',	'GACCA202300544',	'Introduction to Information Technology',	'V.Rajaraman',	'PHI Learning',	'295',	NULL,	NULL,	1,	NULL,	1),
(545,	'50628',	'GACCA202300545',	'Web Technologies',	'N.P.Gopalan',	'PHI Learning',	'325',	NULL,	NULL,	1,	NULL,	1),
(546,	'50629',	'GACCA202300546',	'Introduction to Linux Installation & Programming',	'N.B.Venkateshwar',	'B.S.publications',	'350',	NULL,	NULL,	1,	NULL,	1),
(547,	'50630',	'GACCA202300547',	'Web Technologies & Design',	'C.Xavier',	'New Age International',	'299',	NULL,	NULL,	1,	NULL,	1),
(548,	'50631',	'GACCA202300548',	'Research Methodology',	'C.R.Kothari',	'New Age International',	'275',	NULL,	NULL,	1,	NULL,	1),
(549,	'50632',	'GACCA202300549',	'Successful Projects in Access',	'P.M.heathcote',	'BPB Publications',	'99',	NULL,	NULL,	1,	NULL,	1),
(550,	'50633',	'GACCA202300550',	'C# .Net',	'Yasvant Kanetkar',	'BPB Publications',	'300',	NULL,	NULL,	1,	NULL,	1),
(551,	'50634',	'GACCA202300551',	'Beginning C# 2008',	'Christian Gross',	'APress',	'349',	NULL,	NULL,	1,	NULL,	1),
(552,	'50635',	'GACCA202300552',	'Information Security',	'Michaek C.Whitman',	'Coupae Technology',	'395',	NULL,	NULL,	1,	NULL,	1),
(553,	'50636',	'GACCA202300553',	'Bioinformatics Computing',	'Brayan Bergeron',	'PHI Learning',	'250',	NULL,	NULL,	1,	NULL,	1),
(554,	'50637',	'GACCA202300554',	'Artificial Intelligence & Expert Systems',	'Dan W.Peterson',	'PHI Learning',	'275',	NULL,	NULL,	1,	NULL,	1),
(555,	'50638',	'GACCA202300555',	'Machine Learning',	'Ethen Alpaydin',	'PHI Learning',	'525',	NULL,	NULL,	1,	NULL,	1),
(556,	'50639',	'GACCA202300556',	'Computer Algorithms/c++',	'Ellis Horowitz',	'University  ',	'410',	NULL,	NULL,	1,	NULL,	1),
(557,	'50640',	'GACCA202300557',	'Python For Software Design',	'Allen B.Downey',	'Cambridge University Press',	'395',	NULL,	NULL,	1,	NULL,	1),
(558,	'50641',	'GACCA202300558',	'Essential ASP.Net',	'Fritz Onion',	'Pearson',	'350',	NULL,	NULL,	1,	NULL,	1),
(559,	'50642',	'GACCA202300559',	'Analysis & Design Of Information Systems ',	'James A.Senn',	'Tata McGraw Hill',	'450',	NULL,	NULL,	1,	NULL,	1),
(560,	'50643',	'GACCA202300560',	'System Analysis and Design',	'Valacich',	'PHI',	'395',	NULL,	NULL,	1,	NULL,	1),
(561,	'50644',	'GACCA202300561',	'Understanding Bigdata',	'Chris Eaton',	'Mc Grew Hill',	'220',	NULL,	NULL,	1,	NULL,	1),
(562,	'50645',	'GACCA202300562',	'Designing Effective Database Systems',	'M.Riordan',	'Pearson',	'275',	NULL,	NULL,	1,	NULL,	1),
(563,	'50646',	'GACCA202300563',	'Principles of Management ',	'Harold Koontz',	'Tata McGraw Hill',	'170',	NULL,	NULL,	1,	NULL,	1),
(564,	'50647',	'GACCA202300564',	'Data Mining',	'Kambar',	'Elsevler',	'575',	NULL,	NULL,	1,	NULL,	1),
(565,	'50648',	'GACCA202300565',	'PHP A Beginner&#39;s Guide',	'Vikram Vaswani',	'Mc Grew Hill',	'625',	NULL,	NULL,	1,	NULL,	1),
(566,	'50649',	'GACCA202300566',	'SQL, PL/SQL',	'Ivan Bayross',	'BPB Publications',	'360',	NULL,	NULL,	1,	NULL,	1),
(567,	'50650',	'GACCA202300567',	'Programming With Java',	'C.Muthu',	'Vijay Nicole',	'250',	NULL,	NULL,	1,	NULL,	1),
(568,	'50651',	'GACCA202300568',	'Computer Science Using Python',	'Charles',	'Wiley',	'619',	NULL,	NULL,	1,	NULL,	1),
(569,	'51366',	'GACCA202300569',	'PHP,MYSQL&APACHE',	'Julie C.Meloni',	'Pearson',	'450',	NULL,	NULL,	1,	NULL,	1),
(570,	'51367',	'GACCA202300570',	'Principles & Practice of Management',	'L.M.Prasad',	'Sultan Chand & Sons',	'495',	NULL,	NULL,	1,	NULL,	1),
(571,	'51368',	'GACCA202300571',	'Objected Oriented Data Structure Using C++',	'K.S.EaswaraKumar',	'Vikas',	'325',	NULL,	NULL,	1,	NULL,	1),
(572,	'51369',	'GACCA202300572',	'Programming in C#',	'E.Balagurusamy',	'',	'545',	NULL,	NULL,	1,	NULL,	1),
(573,	'51370',	'GACCA202300573',	'Classic Data Structures',	'D.Samanta',	'PHI Learning',	'495',	NULL,	NULL,	1,	NULL,	1),
(574,	'51371',	'GACCA202300574',	'C# & The .Net Platform',	'Andrew Troelsen',	'APress',	'549',	NULL,	NULL,	1,	NULL,	1),
(575,	'51372',	'GACCA202300575',	'CBSE-UGC-Eligibility Asst.Professor-Paper-1',	'Sajit Kumar',	'Danika',	'350',	NULL,	NULL,	1,	NULL,	1),
(576,	'51373',	'GACCA202300576',	'Data Mining Techniques',	'Arun K.Pujari',	'',	'450',	NULL,	NULL,	1,	NULL,	1),
(577,	'51374',	'GACCA202300577',	'Programming in Java 2',	'R.Rajaram',	'Scitech',	'175',	NULL,	NULL,	1,	NULL,	1),
(578,	'51375',	'GACCA202300578',	'Programming Concepts & Design',	'Stewart Venit',	'Dream Tech',	'149',	NULL,	NULL,	1,	NULL,	1),
(579,	'51376',	'GACCA202300579',	'Managing Bigdata',	'C.Naikodi',	'Vikas',	'225',	NULL,	NULL,	1,	NULL,	1),
(580,	'51377',	'GACCA202300580',	'Introduction to Linux Installation & Programming',	'N.B.Venkateshwar',	'B.S.publications',	'275',	NULL,	NULL,	1,	NULL,	1),
(581,	'51378',	'GACCA202300581',	'Fundemental of Cloud Computing',	'P.Kumar Pattraik',	'Vikas',	'250',	NULL,	NULL,	1,	NULL,	1),
(582,	'51379',	'GACCA202300582',	'Internet & Web Technologies',	'Rajkamal',	'',	'770',	NULL,	NULL,	1,	NULL,	1),
(583,	'51380',	'GACCA202300583',	'Management Information System',	'Wamen.S.Jawalak',	'McGraw Hill',	'725',	NULL,	NULL,	1,	NULL,	1),
(584,	'51381',	'GACCA202300584',	'Internet of Things',	'Arshdeep Bahga',	'Universities Press India,Pvt.Ltd',	'725',	NULL,	NULL,	1,	NULL,	1),
(585,	'51382',	'GACCA202300585',	'Computer Basic & C Programming',	'V.Rajaraman',	'PHI Learning',	'325',	NULL,	NULL,	1,	NULL,	1),
(586,	'51383',	'GACCA202300586',	'Wireless & Mobile Communication',	'T.G.Palanivelu',	'PHI Learning',	'250',	NULL,	NULL,	1,	NULL,	1),
(587,	'51384',	'GACCA202300587',	'Decision Support System',	'V.S.janakiraman',	'PHI Learning',	'150',	NULL,	NULL,	1,	NULL,	1),
(588,	'51385',	'GACCA202300588',	'E-Commerce',	'P.T.Joseph',	'PHI Learning',	'450',	NULL,	NULL,	1,	NULL,	1),
(589,	'51386',	'GACCA202300589',	'Technical Communication',	'Meenakshi Raman',	'',	'510',	NULL,	NULL,	1,	NULL,	1),
(590,	'51387',	'GACCA202300590',	'Programming With Visual Basic 6.0',	'Mohammed Azam',	'Vikas',	'395',	NULL,	NULL,	1,	NULL,	1),
(591,	'51388',	'GACCA202300591',	'A Beginner&#39;s Guide PHP',	'Vikram Vaswani',	'McGraw Hill',	'625',	NULL,	NULL,	1,	NULL,	1),
(592,	'51389',	'GACCA202300592',	'SQL, PL/SQL',	'C.Xavier',	'BPB Publications',	'360',	NULL,	NULL,	1,	NULL,	1),
(593,	'51390',	'GACCA202300593',	'Web Technology & Design',	'Ivan Bayross',	'New Age  ',	'299',	NULL,	NULL,	1,	NULL,	1),
(594,	'51391',	'GACCA202300594',	'C# & ASP.NET',	'Shivaprasad Koisala',	'BPB Publications',	'195',	NULL,	NULL,	1,	NULL,	1),
(595,	'51392',	'GACCA202300595',	'Fundementals of Data Structures',	'J.D.Kumar',	'Jain Brothers',	'150',	NULL,	NULL,	1,	NULL,	1),
(596,	'51393',	'GACCA202300596',	'Let us C++',	'Yashvant Kanetkar',	'BPB Publications',	'270',	NULL,	NULL,	1,	NULL,	1),
(597,	'51394',	'GACCA202300597',	'Web Technology',	'Ramesh',	'Firewall Media',	'295',	NULL,	NULL,	1,	NULL,	1),
(598,	'51395',	'GACCA202300598',	'VB.Net Skills',	'Yasvant Kanetkar',	'BPB Publications',	'150',	NULL,	NULL,	1,	NULL,	1),
(599,	'51396',	'GACCA202300599',	'Human Rights',	'M.Girija',	'S.Chand',	'125',	NULL,	NULL,	1,	NULL,	1),
(600,	'51397',	'GACCA202300600',	'Data structure Through C++',	'Yashvant Kanetkar',	'BPB Publications',	'210',	NULL,	NULL,	1,	NULL,	1),
(601,	'51398',	'GACCA202300601',	'Job Interviews',	'Walter Viisa',	'Unicorn',	'150',	NULL,	NULL,	1,	NULL,	1),
(602,	'51399',	'GACCA202300602',	'Microsoft Office 2000',	'Marria Reid',	'BPB Publications',	'99',	NULL,	NULL,	1,	NULL,	1),
(603,	'51400',	'GACCA202300603',	'Environmental Studies',	'Dr.Radha',	'Prasanna',	'90',	NULL,	NULL,	1,	NULL,	1),
(604,	'51401',	'GACCA202300604',	'Basic Environmental Studies',	'G.Rajih',	'Margham',	'50',	NULL,	NULL,	1,	NULL,	1),
(605,	'51402',	'GACCA202300605',	'Environmental Studies',	'H.M.Saxena',	'Rawat',	'175',	NULL,	NULL,	1,	NULL,	1),
(606,	'51403',	'GACCA202300606',	'Environmental Studies',	'Periyar E.V.R College',	'Jazym',	'75',	NULL,	NULL,	1,	NULL,	1),
(607,	'51404',	'GACCA202300607',	'Human Rights',	'C.Iyathurai',	'Ganga',	'170',	NULL,	NULL,	1,	NULL,	1),
(608,	'51897',	'GACCA202300608',	'Oranization Behaviour An Evidence Based Approach',	'Luthans',	'MHE India',	'795',	NULL,	NULL,	1,	NULL,	1),
(609,	'51898',	'GACCA202300609',	'Object Oriented Analysis & Design with Application',	'Booch',	'Pearson',	'929',	NULL,	NULL,	1,	NULL,	1),
(610,	'51899',	'GACCA202300610',	'Distributed Operating System',	'Tanenbaum',	'Pearson',	'959',	NULL,	NULL,	1,	NULL,	1),
(611,	'51900',	'GACCA202300611',	'Programming in C ',	'E.Balagurusamy',	'MHE India',	'515',	NULL,	NULL,	1,	NULL,	1),
(612,	'51901',	'GACCA202300612',	'PHP:The Complete Reference',	'Holzer',	'MHE India',	'800',	NULL,	NULL,	1,	NULL,	1),
(613,	'51902',	'GACCA202300613',	'Unix and Shell Programming',	'Forouzan',	'Cengage',	'725',	NULL,	NULL,	1,	NULL,	1),
(614,	'51903',	'GACCA202300614',	'Data Mining: Concepts And Techniques',	'HAN',	'Elsevier',	'565',	NULL,	NULL,	1,	NULL,	1),
(615,	'51904',	'GACCA202300615',	'Internet & Web Technologies',	'Rajkamal',	'MHE India',	'920',	NULL,	NULL,	1,	NULL,	1),
(616,	'51905',	'GACCA202300616',	'Internet Of Things-A Hands -On',	'Arshdeep  ',	'University  ',	'725',	NULL,	NULL,	1,	NULL,	1),
(617,	'51906',	'GACCA202300617',	'Fundementals Of Mobile Computing',	'Rajib Mall',	'PHI',	'275',	NULL,	NULL,	1,	NULL,	1),
(618,	'51907',	'GACCA202300618',	'Java 2:The Complete Reference',	'Schildt',	'MHE India',	'960',	NULL,	NULL,	1,	NULL,	1),
(619,	'51908',	'GACCA202300619',	'Big Data and Analytics',	'Acharya',	'Wiley India',	'589',	NULL,	NULL,	1,	NULL,	1),
(620,	'51909',	'GACCA202300620',	'Programming C# 4.0',	'Jesse Liberty',	'Shroff',	'600',	NULL,	NULL,	1,	NULL,	1),
(621,	'51910',	'GACCA202300621',	'Human Resource Management',	'Aswatappa',	'MHE India',	'525',	NULL,	NULL,	1,	NULL,	1),
(622,	'51911',	'GACCA202300622',	'PHP 6 & MYSQL Bible',	'Surhring',	'Wiley India',	'649',	NULL,	NULL,	1,	NULL,	1),
(623,	'51912',	'GACCA202300623',	'Security in Computing',	'Peleeger',	'Pearson',	'919',	NULL,	NULL,	1,	NULL,	1),
(624,	'51913',	'GACCA202300624',	'Introduction To Data Mining With Case Studies',	'Gupta',	'PHI',	'495',	NULL,	NULL,	1,	NULL,	1),
(625,	'UGC/ 18461',	'GACCA202300625',	'Data Structures Made Simple',	'Jain',	'BPB Publications',	'240',	NULL,	NULL,	1,	NULL,	1),
(626,	'UGC/ 18462',	'GACCA202300626',	'Visual C++ Programming',	'kanetkar',	'BPB Publications',	'390',	NULL,	NULL,	1,	NULL,	1),
(627,	'UGC/ 18463',	'GACCA202300627',	'Data Structures Through C++',	'kanetkar',	'BPB Publications',	'240',	NULL,	NULL,	1,	NULL,	1),
(628,	'UGC/ 18464',	'GACCA202300628',	'Fundemental Of Computers',	'Wadhw',	'IBH',	'200',	NULL,	NULL,	1,	NULL,	1),
(629,	'UGC/ 18465',	'GACCA202300629',	'System Analysis and Design',	'Gupta',	'IBH',	'375',	NULL,	NULL,	1,	NULL,	1),
(630,	'UGC/ 18466',	'GACCA202300630',	'Writter Test Questionsin Java Programming',	'kanetkar',	'BPB Publications',	'330',	NULL,	NULL,	1,	NULL,	1),
(631,	'UGC/ 18467',	'GACCA202300631',	'C#.Net Fundas',	'kanetkar',	'BPB Publications',	'360',	NULL,	NULL,	1,	NULL,	1),
(632,	'UGC/ 18468',	'GACCA202300632',	'Information Theory & Coding',	'Anoop Singh',	'Dhanpat Rai',	'195',	NULL,	NULL,	1,	NULL,	1),
(633,	'UGC/ 18469',	'GACCA202300633',	'Data Structures Using C',	'Gupta',	'IBH',	'295',	NULL,	NULL,	1,	NULL,	1),
(634,	'UGC/ 18470',	'GACCA202300634',	'Programms In C++',	'Ahamad Azad',	'Sree',	'250',	NULL,	NULL,	1,	NULL,	1),
(635,	'UGC/ 18471',	'GACCA202300635',	'Data Mining & Data Warehousing',	'Jayant',	'IBH',	'295',	NULL,	NULL,	1,	NULL,	1),
(636,	'UGC/ 18472',	'GACCA202300636',	'Let us C++ Solutions',	'kanetkar',	'BPB Publications',	'225',	NULL,	NULL,	1,	NULL,	1),
(637,	'UGC/ 18473',	'GACCA202300637',	'Fundementals of Computer & Program',	'Seth',	'Cengage',	'385',	NULL,	NULL,	1,	NULL,	1),
(638,	'UGC/ 18474',	'GACCA202300638',	'C,C++ & Data Structures',	'kanetkar',	'BPB Publications',	'390',	NULL,	NULL,	1,	NULL,	1),
(639,	'UGC/ 18475',	'GACCA202300639',	'Let us C',	'kanetkar',	'BPB Publications',	'297',	NULL,	NULL,	1,	NULL,	1),
(640,	'UGC/ 18476',	'GACCA202300640',	'VC++ Com & Beyond',	'kanetkar',	'BPB Publications',	'360',	NULL,	NULL,	1,	NULL,	1),
(641,	'UGC/ 18477',	'GACCA202300641',	'Computer Concepts And Programming in C',	'Singh',	'Pearson',	'260',	NULL,	NULL,	1,	NULL,	1),
(642,	'UGC/ 18478',	'GACCA202300642',	'Computer Network ',	'Godse',	'Technical',	'360',	NULL,	NULL,	1,	NULL,	1),
(643,	'UGC/ 18479',	'GACCA202300643',	'Computer Security Fundementals',	'Easttom',	'Pearson',	'695',	NULL,	NULL,	1,	NULL,	1),
(644,	'UGC/ 18480',	'GACCA202300644',	'Computer Graphics',	'S Chopra',	'S Chand',	'350',	NULL,	NULL,	1,	NULL,	1),
(645,	'UGC/ 18481',	'GACCA202300645',	'Data Structures Using C',	'Gupta',	'IBH',	'295',	NULL,	NULL,	1,	NULL,	1),
(646,	'UGC/ 18482',	'GACCA202300646',	'Fundementals of Computers',	'Wadhw',	'IBH',	'200',	NULL,	NULL,	1,	NULL,	1),
(647,	'UGC/ 18483',	'GACCA202300647',	'Computer Networks',	'Rega',	'Magnus',	'220',	NULL,	NULL,	1,	NULL,	1),
(648,	'UGC/ 18484',	'GACCA202300648',	'Programming in C From novice to Export',	'Bhave',	'IBH',	'300',	NULL,	NULL,	1,	NULL,	1),
(649,	'UGC/ 18180',	'GACCA202300649',	'An Embedded Software primer',	'David E.Simon',	'Pearson',	'789',	NULL,	NULL,	1,	NULL,	1),
(650,	'UGC/ 18181',	'GACCA202300650',	'Data Mining Concepts and Techniques',	'Jiawai Han Micheline Kambar',	'Morgan Kanfmann',	'695',	NULL,	NULL,	1,	NULL,	1),
(651,	'UGC/ 18182',	'GACCA202300651',	'Artificial Neural Networks',	'B.Yegnonarayana',	'PHI',	'275',	NULL,	NULL,	1,	NULL,	1),
(652,	'UGC/ 18183',	'GACCA202300652',	'Computer Science Glossary',	'',	'Balavidya Ganapathy Education & Charitable trust',	'300',	NULL,	NULL,	1,	NULL,	1),
(653,	'UGC/ 18184',	'GACCA202300653',	'Data Structures Algorithms and Applications in C++',	'Sartaj Sahni',	'University Press India',	'350',	NULL,	NULL,	1,	NULL,	1),
(654,	'UGC/ 18185',	'GACCA202300654',	'Internet of Things : A Hands on Approach',	'Arshdeep Bahga Vijay Modisetti',	'University Press India',	'725',	NULL,	NULL,	1,	NULL,	1),
(655,	'UGC/ 18186',	'GACCA202300655',	'Grid Computing',	'Jorhy Joseph Craig Fellenstien',	'Pearson',	'599',	NULL,	NULL,	1,	NULL,	1),
(656,	'UGC/ 18187',	'GACCA202300656',	'Business Ethics',	'Joseph W.Weiss',	'Cengage',	'341',	NULL,	NULL,	1,	NULL,	1),
(657,	'UGC/ 18188',	'GACCA202300657',	'Corporate Skills',	'Sarvesh Gulati',	'Rupat W',	'225',	NULL,	NULL,	1,	NULL,	1),
(658,	'UGC/ 18189',	'GACCA202300658',	'Data Mining for Business Intelligence',	'Galit Shmulli Nitin R.Patel Peter C.Brune',	'Wiley India Edition',	'849',	NULL,	NULL,	1,	NULL,	1),
(659,	'UGC/ 18190',	'GACCA202300659',	'Mobile Computing',	'Jochen Schiller',	'Pearson',	'659',	NULL,	NULL,	1,	NULL,	1),
(660,	'UGC/ 18191',	'GACCA202300660',	'A Handbook of Pronounciation of English Words',	'J.Sethid D.V.Jindal',	'PHI',	'250',	NULL,	NULL,	1,	NULL,	1),
(661,	'UGC/ 18192',	'GACCA202300661',	'Dictionary of Mathemetics',	'V.P.Jaggi',	'Academic India',	'125',	NULL,	NULL,	1,	NULL,	1),
(662,	'UGC/ 18193',	'GACCA202300662',	'Cost Accounting :A Mangenial Empasis',	'Charles A.Homcven Srikanth George Madhav Christoper',	'Pearson',	'622',	NULL,	NULL,	1,	NULL,	1),
(663,	'UGC/ 18194',	'GACCA202300663',	'Principle Of Management ',	'Dr.M.Ramachandran Dr.M.Saravanan',	'Airwalk',	'200',	NULL,	NULL,	1,	NULL,	1),
(664,	'UGC/ 18195',	'GACCA202300664',	'Digital Image Processing',	'I.Poornima Thangam',	'Charulatha',	'275',	NULL,	NULL,	1,	NULL,	1),
(665,	'UGC/ 18196',	'GACCA202300665',	'Engineering Ethics',	'M.Govindaraja S.Natarajan V.S.Senthilkumar',	'PHI',	'175',	NULL,	NULL,	1,	NULL,	1),
(666,	'UGC/ 18197',	'GACCA202300666',	'Mobile Computing',	'V.Jayasri Arokiasamy',	'Technical',	'150',	NULL,	NULL,	1,	NULL,	1),
(667,	'UGC/ 18198',	'GACCA202300667',	'Computer Organization and Design',	'David A.Patterson John L.Hennessy',	'MIPS',	'575',	NULL,	NULL,	1,	NULL,	1),
(668,	'UGC/ 18199',	'GACCA202300668',	'Computer Oganization and Design',	'David A.Patterson John L.Hennessy',	'MIPS',	'575',	NULL,	NULL,	1,	NULL,	1),
(669,	'UGC/ 18200',	'GACCA202300669',	'Cryptography and Computer Security',	'Behrouz A.Forouzai Debdeep Mukhepadayan',	'TMGH',	'635',	NULL,	NULL,	1,	NULL,	1),
(670,	'UGC/ 18201',	'GACCA202300670',	'Digital Communications',	'Simen Haykin',	'Wiley',	'499',	NULL,	NULL,	1,	NULL,	1),
(671,	'UGC/ 18202',	'GACCA202300671',	'Optical Communication and Networks',	'Dr.S.Mary Praveen',	'AR ',	'150',	NULL,	NULL,	1,	NULL,	1),
(672,	'UGC/ 18203',	'GACCA202300672',	'Wireless Communication',	'Theodore S.Rappaport',	'Pearson',	'659',	NULL,	NULL,	1,	NULL,	1),
(673,	'UGC/ 18204',	'GACCA202300673',	'Introduction to the Design & Analysis of Algorithms',	'Anony Levitin',	'Pearson',	'699',	NULL,	NULL,	1,	NULL,	1),
(674,	'UGC/ 18205',	'GACCA202300674',	'Software Engineering With Java',	'Stephen R.S.chand',	'TMH',	'241',	NULL,	NULL,	1,	NULL,	1),
(675,	'UGC/ 18206',	'GACCA202300675',	'Teach Yourself C++ Third Edition',	'Herbert Schildt',	'TMH',	'490',	NULL,	NULL,	1,	NULL,	1),
(676,	'UGC/ 18207',	'GACCA202300676',	'A Textbook on C#',	'S.Thamaraiselvi R.Murugesan',	'Pearson',	'525',	NULL,	NULL,	1,	NULL,	1),
(677,	'UGC/ 18208',	'GACCA202300677',	'Electronic Data Processing Auditing : Conceptual Foundations and Practice',	'Ren Weber',	'TMGH',	'899',	NULL,	NULL,	1,	NULL,	1),
(678,	'UGC/ 18209',	'GACCA202300678',	'Effective Methods for Software Testing',	'William E.Perry',	'John Wiley & Sons',	'699',	NULL,	NULL,	1,	NULL,	1),
(679,	'UGC/ 18210',	'GACCA202300679',	'Operating System',	'Silberscatt galven Gagne',	'Wiley India',	'639',	NULL,	NULL,	1,	NULL,	1),
(680,	'UGC/ 18211',	'GACCA202300680',	'Ethics in Engineering',	'Mike W.Martin and Roland Zingev',	'TMGH',	'640',	NULL,	NULL,	1,	NULL,	1),
(681,	'UGC/ 18212',	'GACCA202300681',	'Engineering Economics and Financial Accounting',	'R.Senapathy',	'ARS',	'110',	NULL,	NULL,	1,	NULL,	1),
(682,	'UGC/ 18213',	'GACCA202300682',	'Comprehensive Algebra Vol-1',	'Vinay Kumar',	'Mc Grew Hill',	'325',	NULL,	NULL,	1,	NULL,	1),
(683,	'UGC/ 18214',	'GACCA202300683',	'Web Technology  Black Book',	'DT Educational Services',	'Dream Tech',	'749',	NULL,	NULL,	1,	NULL,	1),
(684,	'UGC/ 18215',	'GACCA202300684',	'Comprehensive Dictionary English-English-Tamil',	'S.Shrinivasan',	'New Century Book House',	'130',	NULL,	NULL,	1,	NULL,	1),
(685,	'UGC/ 18216',	'GACCA202300685',	'Blakie&#39;s Compact English Dictionary of Current English',	'Richara Cunliffe Geoffrey Payton',	'S.chand & Company',	'160',	NULL,	NULL,	1,	NULL,	1),
(686,	'UGC/ 18217',	'GACCA202300686',	'Mastering Machine Learning With R Second Edition',	'Core Lesmeister',	'Pakt',	'1199',	NULL,	NULL,	1,	NULL,	1),
(687,	'UGC/ 18218',	'GACCA202300687',	'Moodle 2.5 Multimedia Cookbook Second',	'Silvina P.Hillar',	'Pakt',	'799',	NULL,	NULL,	1,	NULL,	1),
(688,	'UGC/ 18219',	'GACCA202300688',	'Python Deep Learning ',	'Ivan Varilev Danies Slaher Eral',	'Pakt',	'1099',	NULL,	NULL,	1,	NULL,	1),
(689,	'UGC/ 18220',	'GACCA202300689',	'Simulahon for data Science With R',	'Mathhias Temp',	'Pakt',	'999',	NULL,	NULL,	1,	NULL,	1),
(690,	'UGC/ 18221',	'GACCA202300690',	'Michael Allen&#39;s Guide to E-Learning 2 Edition Building Interative Fun and Effective',	'Michael Allen',	'Pakt',	'599',	NULL,	NULL,	1,	NULL,	1),
(691,	'UGC/ 18222',	'GACCA202300691',	'Analytics for the Internet of Things',	'Andrew Minteer',	'Pakt',	'999',	NULL,	NULL,	1,	NULL,	1),
(692,	'UGC/ 18223',	'GACCA202300692',	'Applied Deep Learning With Python',	'Alex Galea Luis Capelo',	'Pakt',	'1099',	NULL,	NULL,	1,	NULL,	1),
(693,	'UGC/ 18224',	'GACCA202300693',	'Data Science Algorithms in a Week',	'David Natingaa',	'Pakt',	'899',	NULL,	NULL,	1,	NULL,	1),
(694,	'UGC/ 18225',	'GACCA202300694',	'Deep Learning for Computer Vision',	'Raja Lingappa Shanmugamani',	'Pakt',	'1099',	NULL,	NULL,	1,	NULL,	1),
(695,	'UGC/ 18226',	'GACCA202300695',	'E-Learning and Social Networking',	'Frank Rennie and Tai Marrision',	'Pakt',	'425',	NULL,	NULL,	1,	NULL,	1),
(696,	'UGC/ 18227',	'GACCA202300696',	'R Deep Learning Projects',	'Yuxi lin Pable Maldenedo',	'Pakt',	'899',	NULL,	NULL,	1,	NULL,	1),
(697,	'UGC/ 18228',	'GACCA202300697',	'Machine Learning Fundementals',	'Hyatt Salen',	'Pakt',	'899',	NULL,	NULL,	1,	NULL,	1),
(698,	'UGC/ 18229',	'GACCA202300698',	'Hande on Blockchain for Python Developers Gain Blockchain',	'Arjuna sky Ken',	'Pakt',	'1299',	NULL,	NULL,	1,	NULL,	1),
(699,	'UGC/ 18230',	'GACCA202300699',	'Instruction Design for Teachers Improving Classroom Practice',	'Alisen A Carr Chellman',	'Rourledge Tajer and Francis Group',	'2792',	NULL,	NULL,	1,	NULL,	1),
(700,	'52967',	'GACCA202300700',	'Database System Concepts',	'Abrahom Siberschar Henry F.Korth S.Sudharsan',	'Mc Grew Hill Education India,pvt.Ltd',	'1025',	NULL,	NULL,	1,	NULL,	1),
(701,	'52968',	'GACCA202300701',	'Programming Android ',	'Zigird Nednieks Laird Dorrin',	'Oreilly,Shroff Publishers',	'1275',	NULL,	NULL,	1,	NULL,	1),
(702,	'52969',	'GACCA202300702',	'Python For Beginners',	'Rahul E.Barate Dr.Sunil Khiari',	'Shroff Publishers',	'375',	NULL,	NULL,	1,	NULL,	1),
(703,	'52970',	'GACCA202300703',	'Deep Learning From Scratch Building with Python from First Principles',	'Seth Weidman',	'SPD,Pvt.Ltd O.Reilly',	'925',	NULL,	NULL,	1,	NULL,	1),
(704,	'52971',	'GACCA202300704',	'Essentials of Java Programming',	'C Muthu',	'Vijay Nicole imprints,Pvt.Ltd',	'195',	NULL,	NULL,	1,	NULL,	1),
(705,	'52972',	'GACCA202300705',	'Internet Of Things-A Hands -On Approach',	'Arshdeep sahga Vijay Madisetti',	'Universities Press India,Pvt.Ltd',	'775',	NULL,	NULL,	1,	NULL,	1),
(706,	'52973',	'GACCA202300706',	'Network Programming & Management',	'V.S.Bagad I.A. Dhotre',	'Technical Publiciations',	'180',	NULL,	NULL,	1,	NULL,	1),
(707,	'52974',	'GACCA202300707',	'Software Testing',	'Dr.D.Chitra A.kaliappan',	'Technical Publiciations',	'190',	NULL,	NULL,	1,	NULL,	1),
(708,	'52975',	'GACCA202300708',	'Cryptography & Network Security',	'V.S.Bagad I.A. Dhotre',	'Technical Publiciations',	'190',	NULL,	NULL,	1,	NULL,	1),
(709,	'52976',	'GACCA202300709',	'Android and Windows - Mobile Phone Repairing',	'Sanjib Pandit',	'BPB Publications',	'150',	NULL,	NULL,	1,	NULL,	1),
(710,	'52977',	'GACCA202300710',	'Android and Windows - Mobile Phone Repairing',	'Sanjib Pandit',	'BPB Publications',	'150',	NULL,	NULL,	1,	NULL,	1),
(711,	'52978',	'GACCA202300711',	'Python Data Science handbook',	'Jake Vanderplas',	'SPD,Pvt.Ltd O.Reilly',	'1250',	NULL,	NULL,	1,	NULL,	1),
(712,	'52979',	'GACCA202300712',	'Python Data Science handbook',	'Jake Vanderplas',	'SPD,Pvt.Ltd O.Reilly',	'1250',	NULL,	NULL,	1,	NULL,	1),
(713,	'52980',	'GACCA202300713',	'Professional Android 2 Application Development',	'Reto Meier',	'Wiley India Edition',	'599',	NULL,	NULL,	1,	NULL,	1),
(714,	'52981',	'GACCA202300714',	'Professional Android 2 Application Development',	'Reto Meier',	'Wiley India Edition',	'599',	NULL,	NULL,	1,	NULL,	1),
(715,	'52982',	'GACCA202300715',	'Android Application Development Cookbook',	'Wei-Meng Lee',	'Wiley India Edition',	'499',	NULL,	NULL,	1,	NULL,	1),
(716,	'52983',	'GACCA202300716',	'Android Application Development Cookbook',	'Wei-Meng Lee',	'Wiley India Edition',	'499',	NULL,	NULL,	1,	NULL,	1),
(717,	'52984',	'GACCA202300717',	'Multimedia-Computing, Communications & Applications',	'Ralf Steinmetz Klara Nahnstedt',	'Pearson',	'969',	NULL,	NULL,	1,	NULL,	1),
(718,	'52985',	'GACCA202300718',	'Essentials of Java Programming',	'C Muthu',	'MHE India Vijay Nicole ',	'180',	NULL,	NULL,	1,	NULL,	1),
(719,	'53409',	'GACCA202300719',	'Advanced Computer Architecture',	'Parthasarathi',	'Vijay Nicole',	'240',	NULL,	NULL,	1,	NULL,	1),
(720,	'53410',	'GACCA202300720',	'Advanced Computer Architecture',	'Parthasarathi',	'Vijay Nicole',	'240',	NULL,	NULL,	1,	NULL,	1),
(721,	'53411',	'GACCA202300721',	'Algorithms',	'Berman',	'Cengage',	'280',	NULL,	NULL,	1,	NULL,	1),
(722,	'53412',	'GACCA202300722',	'Algorithms & Data Structures',	'Raguwanshi',	'Narosa',	'360',	NULL,	NULL,	1,	NULL,	1),
(723,	'53413',	'GACCA202300723',	'Algorithms Design & Analysis',	'Agarwal',	'',	'168',	NULL,	NULL,	1,	NULL,	1),
(724,	'53414',	'GACCA202300724',	'Basics of Computer organization & Architecture',	'Rao',	'Narosa',	'236',	NULL,	NULL,	1,	NULL,	1),
(725,	'53415',	'GACCA202300725',	'Basics of Computer organization & Architecture',	'Rao',	'Narosa',	'236',	NULL,	NULL,	1,	NULL,	1),
(726,	'53416',	'GACCA202300726',	'Big Data for Dummis',	'Judith Hurwitz',	'Wiley India Edition',	'319',	NULL,	NULL,	1,	NULL,	1),
(727,	'53417',	'GACCA202300727',	'Cloud Computing',	'Kris Jamsa',	'Jones',	'316',	NULL,	NULL,	1,	NULL,	1),
(728,	'53418',	'GACCA202300728',	'Cloud Computing',	'Kris Jamsa',	'Jones',	'316',	NULL,	NULL,	1,	NULL,	1),
(729,	'53419',	'GACCA202300729',	'Computational Discrete Mathemetics',	'Steve Skiena',	'Cambridge  ',	'476',	NULL,	NULL,	1,	NULL,	1),
(730,	'53420',	'GACCA202300730',	'Computer Architecture',	'Mcloughlin',	'MHE India',	'479',	NULL,	NULL,	1,	NULL,	1),
(731,	'53421',	'GACCA202300731',	'Computer Architecture & Logic design',	'Bartee',	'MHE India',	'580',	NULL,	NULL,	1,	NULL,	1),
(732,	'53422',	'GACCA202300732',	'Core Java An Integrated Approach',	'Charles',	'',	'359',	NULL,	NULL,	1,	NULL,	1),
(733,	'53423',	'GACCA202300733',	'Core Java Fundementals vol-1',	'Horstmann',	'Pearson',	'663',	NULL,	NULL,	1,	NULL,	1),
(734,	'53424',	'GACCA202300734',	'Data Structures Using C(with CD)',	'Gupta',	'IBH',	'236',	NULL,	NULL,	1,	NULL,	1),
(735,	'53425',	'GACCA202300735',	'Data Structures Using C(with CD)',	'Gupta',	'IBH',	'236',	NULL,	NULL,	1,	NULL,	1),
(736,	'53426',	'GACCA202300736',	'Data Structures, Algorithms & App in Java',	'Sartaj Sahni',	'University',	'440',	NULL,	NULL,	1,	NULL,	1),
(737,	'53427',	'GACCA202300737',	'Dictionary of Computer Science',	'Blackie & Son',	'S Chand',	'200',	NULL,	NULL,	1,	NULL,	1),
(738,	'53428',	'GACCA202300738',	'Discrete Mathemetics & Graph theory',	'sathya Narayanan',	'PHI',	'316',	NULL,	NULL,	1,	NULL,	1),
(739,	'53429',	'GACCA202300739',	'Discrete Mathemetics & Graph theory',	'Biswal',	'PHI',	'310',	NULL,	NULL,	1,	NULL,	1),
(740,	'53430',	'GACCA202300740',	'Discrete Mathemetics With Applications',	'Koshy',	'Elsevier',	'488',	NULL,	NULL,	1,	NULL,	1),
(741,	'53431',	'GACCA202300741',	'Education in the Digital World',	'Sharma',	'Viva',	'316',	NULL,	NULL,	1,	NULL,	1),
(742,	'53432',	'GACCA202300742',	'Environmental Science Demystified',	'Williams',	'MHE India',	'316',	NULL,	NULL,	1,	NULL,	1),
(743,	'53433',	'GACCA202300743',	'Environmental Science Demystified',	'Williams',	'MHE India',	'316',	NULL,	NULL,	1,	NULL,	1),
(744,	'53434',	'GACCA202300744',	'Foundations and Algoritjms',	'Sathe',	'Pendram',	'236',	NULL,	NULL,	1,	NULL,	1),
(745,	'53435',	'GACCA202300745',	'Fundementals of Computer Architecture',	'Senthil Kumar',	'Vijay Nicole',	'144',	NULL,	NULL,	1,	NULL,	1),
(746,	'53436',	'GACCA202300746',	'Fundementals of Computer Architecture',	'Senthil Kumar',	'Vijay Nicole',	'144',	NULL,	NULL,	1,	NULL,	1),
(747,	'53437',	'GACCA202300747',	'General Knowledge-2021',	'Manohar',	'Arihant',	'145',	NULL,	NULL,	1,	NULL,	1),
(748,	'53438',	'GACCA202300748',	'General knowledge-Consise',	'Unique',	'Unique',	'207',	NULL,	NULL,	1,	NULL,	1),
(749,	'53439',	'GACCA202300749',	'Information Theory & Coding',	'Anoop  ',	'',	'156',	NULL,	NULL,	1,	NULL,	1),
(750,	'53440',	'GACCA202300750',	'Intro to the Design & Analysis of Algorithms',	'Levitin',	'Pearson',	'440',	NULL,	NULL,	1,	NULL,	1),
(751,	'53441',	'GACCA202300751',	'Introduction to Computing and Programming  in Python',	'Guzdial',	'Pearson',	'423',	NULL,	NULL,	1,	NULL,	1),
(752,	'53442',	'GACCA202300752',	'Introduction to Programming Using Python',	'Daniel',	'Pearson',	'599',	NULL,	NULL,	1,	NULL,	1),
(753,	'53443',	'GACCA202300753',	'Java-J2EE Interview Questions',	'Jaiswal',	'Galgotia',	'192',	NULL,	NULL,	1,	NULL,	1),
(754,	'53444',	'GACCA202300754',	'Java-J2EE Interview Questions',	'Jaiswal',	'Galgotia',	'192',	NULL,	NULL,	1,	NULL,	1),
(755,	'53445',	'GACCA202300755',	'Java Actually',	'Mughan',	'Cengage',	'208',	NULL,	NULL,	1,	NULL,	1),
(756,	'53446',	'GACCA202300756',	'Java Actually',	'Mughan',	'Cengage',	'208',	NULL,	NULL,	1,	NULL,	1),
(757,	'53447',	'GACCA202300757',	'Java Persistence With Hybornate',	'Gavinking',	'Dream Tech',	'399',	NULL,	NULL,	1,	NULL,	1),
(758,	'53448',	'GACCA202300758',	'Java Programming',	'Flynt',	'Cengage',	'250',	NULL,	NULL,	1,	NULL,	1),
(759,	'53449',	'GACCA202300759',	'Java Programming',	'Flynt',	'Cengage',	'250',	NULL,	NULL,	1,	NULL,	1),
(760,	'53450',	'GACCA202300760',	'Java Programming',	'Flynt',	'Cengage',	'250',	NULL,	NULL,	1,	NULL,	1),
(761,	'53451',	'GACCA202300761',	'Java Programming',	'Rajkumar',	'Pearson',	'415',	NULL,	NULL,	1,	NULL,	1),
(762,	'53452',	'GACCA202300762',	'java Script the Complete Reference',	'Powell',	'MHE India',	'520',	NULL,	NULL,	1,	NULL,	1),
(763,	'53453',	'GACCA202300763',	'Manorama Year Book 2021 Tamil',	'Manorame',	'Manorame',	'144',	NULL,	NULL,	1,	NULL,	1),
(764,	'53454',	'GACCA202300764',	'Manorama Year Book 2021 English',	'Manorame',	'Manorame',	'240',	NULL,	NULL,	1,	NULL,	1),
(765,	'53455',	'GACCA202300765',	'Mastering Enterprise Java Beans',	'Gerald',	'',	'399',	NULL,	NULL,	1,	NULL,	1),
(766,	'53456',	'GACCA202300766',	'Object Oriented Design',	'Skrien',	'MHE India',	'448',	NULL,	NULL,	1,	NULL,	1),
(767,	'53457',	'GACCA202300767',	'Object Oriented Programming with C++',	'Farrell',	'Cengage',	'260',	NULL,	NULL,	1,	NULL,	1),
(768,	'53458',	'GACCA202300768',	'Object Oriented Programming with C++',	'Farrell',	'Cengage',	'260',	'',	'',	1,	'',	1),
(769,	'53459',	'GACCA202300769',	'Operating System',	'Sridhar',	'Vijay Nicole',	'180',	'',	'',	1,	'',	1),
(770,	'53460',	'GACCA202300770',	'Operating System',	'Sridhar',	'Vijay Nicole ',	'180',	'',	'',	1,	'',	1),
(771,	'53461',	'GACCA202300771',	'Operating System',	'MHE india',	'Harris',	'440',	'',	'',	1,	'',	1),
(772,	'53462',	'GACCA202300772',	'Problem Solving and Python Programming',	'Kulkarani',	'Yees DEE',	'236',	'',	'',	1,	'',	1),
(773,	'53463',	'GACCA202300773',	'Problem Solving and Python Programming',	'Kulkarani',	'MHE india',	'380',	'',	'',	1,	'',	1),
(774,	'53464',	'GACCA202300774',	'Programming C# 4.0',	'Jesse Liberty',	'Shroff',	'400',	'',	'',	1,	'',	1),
(775,	'53465',	'GACCA202300775',	'Python For Software Design',	'Allen  ',	'Cambridge',	'316',	'',	'',	1,	'',	1),
(776,	'53466',	'GACCA202300776',	'Python For Software Design',	'Allen',	'Cambridge',	'316',	'',	'',	1,	'',	1),
(777,	'53467',	'GACCA202300777',	'Python For Software Design',	'Allen',	'Cambridge',	'316',	'',	'',	1,	'',	1),
(778,	'53468',	'GACCA202300778',	'S.Chands Advanced Objective General Knowledge',	'Agarwal',	'S.Chand',	'420',	'',	'',	1,	'',	1),
(779,	'53469',	'GACCA202300779',	'Statistics & Numerical Methods',	'Vittal',	'Margham',	'184',	'',	'',	1,	'',	1),
(780,	'53470',	'GACCA202300780',	'Data Compression Book',	'Mark Nelson',	'BPB Publications',	'360',	NULL,	NULL,	1,	NULL,	1),
(781,	'53471',	'GACCA202300781',	'Web Programming : Build Internet Applications',	'Wiley India',	'Bates',	'575',	NULL,	NULL,	1,	NULL,	1),
(782,	'53582',	'GACCA202300782',	'Fundemental Concept of Artificial Intelligence With Applications',	'Bhahcharjee',	'Shroff',	'180',	NULL,	NULL,	1,	NULL,	1),
(783,	'53583',	'GACCA202300783',	'Fundemental Concept of Artificial Intelligence With Applications',	'Bhahcharjee',	'Shroff',	'180',	NULL,	NULL,	1,	NULL,	1),
(784,	'53584',	'GACCA202300784',	'Fundemental Concept of Artificial Intelligence With Applications',	'Bhahcharjee',	'Shroff',	'180',	NULL,	NULL,	1,	NULL,	1),
(785,	'53585',	'GACCA202300785',	'Fundemental Concept of Artificial Intelligence With Applications',	'Bhahcharjee',	'Shroff',	'180',	NULL,	NULL,	1,	NULL,	1),
(786,	'53586',	'GACCA202300786',	'C# 9.0 Pocket Reference Instant help for C# 9.0 Programming',	'Albahari',	'O&#39;Reilly',	'380',	NULL,	NULL,	1,	NULL,	1),
(787,	'53587',	'GACCA202300787',	'Data Pipelines Pocket Reference',	'Densmere',	'O&#39;Reilly',	'400',	NULL,	NULL,	1,	NULL,	1),
(788,	'53588',	'GACCA202300788',	'Python Pocket Ref Building and Deploying Deep Learning',	'Papa',	'O&#39;Reilly',	'440',	NULL,	NULL,	1,	NULL,	1),
(789,	'53589',	'GACCA202300789',	'Python and R for the Modern Data Scientist',	'Scareta',	'O&#39;Reilly',	'640',	NULL,	NULL,	1,	NULL,	1),
(790,	'53590',	'GACCA202300790',	'Python Programming for Students',	'Bhave ',	'X.Team',	'780',	NULL,	NULL,	1,	NULL,	1),
(791,	'53591',	'GACCA202300791',	'Python Web Frameworks',	'Guardia',	'O&#39;Reilly',	'240',	NULL,	NULL,	1,	NULL,	1),
(792,	'53592',	'GACCA202300792',	'Python Web Frameworks',	'Guardia',	'O&#39;Reilly',	'240',	NULL,	NULL,	1,	NULL,	1),
(793,	'53593',	'GACCA202300793',	'Python Web Frameworks',	'Guardia',	'O&#39;Reilly',	'240',	NULL,	NULL,	1,	NULL,	1),
(794,	'53797',	'GACCA202300794',	'Software Testing Principles and Practice',	'Srinivasan Desikan Gopurswamy ramesh',	'Pearson',	'472',	NULL,	NULL,	1,	NULL,	1),
(795,	'53798',	'GACCA202300795',	'Mining the Social Web',	'Mathew A.Russell & Mikhai Klassen',	'Shroff ',	'700',	NULL,	NULL,	1,	NULL,	1),
(796,	'53799',	'GACCA202300796',	'An Advanced Approach to Interpretation for Competitive Examination',	'R.S.Agarwal',	'S.Chand',	'96',	NULL,	NULL,	1,	NULL,	1),
(797,	'53800',	'GACCA202300797',	'Programming with Java 6th Edision',	'E.Balagurusamy',	'MGH',	'479',	NULL,	NULL,	1,	NULL,	1),
(798,	'53801',	'GACCA202300798',	'Manavalakkala Yoga-Tamil',	'Vision ',	'Vis',	'104',	NULL,	NULL,	1,	NULL,	1),
(799,	'53802',	'GACCA202300799',	'Manavalakkala Yoga-Tamil',	'Vision ',	'Vis',	'104',	NULL,	NULL,	1,	NULL,	1),
(800,	'53803',	'GACCA202300800',	'Value Education',	'Vision ',	'Vethathiri',	'108',	NULL,	NULL,	1,	NULL,	1),
(801,	'53804',	'GACCA202300801',	'Value Education',	'Vision ',	'Vethathiri',	'108',	NULL,	NULL,	1,	NULL,	1),
(802,	'53805',	'GACCA202300802',	'Environmental studies',	'J.dharmaraj T Ebi James',	'Tensey',	'80',	NULL,	NULL,	1,	NULL,	1),
(803,	'53806',	'GACCA202300803',	'Environmental studies',	'J.dharmaraj T Ebi James',	'Tensey',	'48',	NULL,	NULL,	1,	NULL,	1),
(804,	'53807',	'GACCA202300804',	'Interview Crack the way you Want',	'Abhishek Singh',	'MAA',	'120',	NULL,	NULL,	1,	NULL,	1),
(805,	'53808',	'GACCA202300805',	'100 Placement tips with 100 Q & A',	'Dr.C.S.Raja M.S.Raja Rajeshwari',	'Coral',	'120',	NULL,	NULL,	1,	NULL,	1),
(806,	'53809',	'GACCA202300806',	'General Knowledge 2022',	'Manohar Pandey',	'Arihant',	'96',	NULL,	NULL,	1,	NULL,	1),
(807,	'53810',	'GACCA202300807',	'Java Puzzles',	'Joshua Bloch & Nea Gafter',	'Pearson',	'300',	NULL,	NULL,	1,	NULL,	1),
(808,	'53811',	'GACCA202300808',	'A Comprehensive Guide for MCA Entrance Examination',	'Dr.R.S.Agarwal Deepak Agarwal',	'S.Chand',	'280',	NULL,	NULL,	1,	NULL,	1),
(809,	'53812',	'GACCA202300809',	'Compendium General Knowledge With Latest data & Facts 2022',	'Kumar Sundaram',	'UPKW',	'159',	NULL,	NULL,	1,	NULL,	1),
(810,	'53813',	'GACCA202300810',	'TANCENT MCA Entrance Examination',	'Sakthi',	'Sakthi',	'448',	NULL,	NULL,	1,	NULL,	1),
(811,	'53814',	'GACCA202300811',	'General Awarness',	'Dr.C.Chellapandian',	'Forward',	'61',	NULL,	NULL,	1,	NULL,	1),
(812,	'53815',	'GACCA202300812',	'Fundementals of Computer and Introduction to Accounting Package',	'T.S.Venkadeshwaran',	'AA',	'120',	NULL,	NULL,	1,	NULL,	1),
(813,	'54062',	'GACCA202300813',	'21 IOT Experiments',	'Yaswant Kanetkar Shering Korde',	'BPB Publications',	'450',	NULL,	NULL,	1,	NULL,	1),
(814,	'54063',	'GACCA202300814',	'3D Printing Mode Simple ',	'Avikshit Saras',	'BPB Publications',	'330',	NULL,	NULL,	1,	NULL,	1),
(815,	'54064',	'GACCA202300815',	'Advanced Analytics With Excel 2019',	'Manisha Saras',	'BPB Publications',	'599',	NULL,	NULL,	1,	NULL,	1),
(816,	'54065',	'GACCA202300816',	'Agile Project Management',	'J.Ross',	'BPB Publications',	'599',	NULL,	NULL,	1,	NULL,	1),
(817,	'54066',	'GACCA202300817',	'Angular Essentials',	'Dhanajay Kumar',	'BPB Publications',	'390',	NULL,	NULL,	1,	NULL,	1),
(818,	'54067',	'GACCA202300818',	'Arduino Mode Simple',	'Ashwin Panjankar',	'BPB Publications',	'399',	NULL,	NULL,	1,	NULL,	1),
(819,	'54068',	'GACCA202300819',	'Arduino Project for Engineers',	'NeerParaj Rai',	'BPB Publications',	'498',	NULL,	NULL,	1,	NULL,	1),
(820,	'54069',	'GACCA202300820',	'Building Simple Page App Using ASP.Net Core With Entity Framework Core and Angular JS',	'Rahul Sahay',	'BPB Publications',	'360',	NULL,	NULL,	1,	NULL,	1),
(821,	'54070',	'GACCA202300821',	'Building Web Apps With Python and Flask',	'Malhar Lathkar',	'BPB Publications',	'599',	NULL,	NULL,	1,	NULL,	1),
(822,	'54071',	'GACCA202300822',	'Cyber Safety for Everyone',	'Jaagokeens',	'BPB Publications',	'499',	NULL,	NULL,	1,	NULL,	1),
(823,	'54072',	'GACCA202300823',	'Data Analytics with Excel',	'Manisha Nigam',	'BPB Publications',	'498',	NULL,	NULL,	1,	NULL,	1),
(824,	'54073',	'GACCA202300824',	'Data Analytics with Google Cloud Platform',	'Murari Ramuka',	'BPB Publications',	'699',	NULL,	NULL,	1,	NULL,	1),
(825,	'54074',	'GACCA202300825',	'Data Science and Machine Learning Interview Questions Using Python',	'Vishwanathan Narayanan',	'BPB Publications',	'399',	NULL,	NULL,	1,	NULL,	1),
(826,	'54075',	'GACCA202300826',	'Data Science and Machine Learning Interview Questions Using R',	'Vishwanathan Narayanan',	'BPB Publications',	'399',	NULL,	NULL,	1,	NULL,	1),
(827,	'54076',	'GACCA202300827',	'Devops and Containers Security',	'Jose Manues Dr.keya Candel',	'BPB Publications',	'949',	NULL,	NULL,	1,	NULL,	1),
(828,	'54077',	'GACCA202300828',	'Digital Electronics with Arduino',	'Bob Duskish',	'BPB Publications',	'498',	NULL,	NULL,	1,	NULL,	1),
(829,	'54078',	'GACCA202300829',	'Discrete Structure and Auromata Theory for Learners',	'Dr.Umesh Sehgar Mr.Sukhpreer kaur Gik',	'BPB Publications',	'599',	NULL,	NULL,	1,	NULL,	1),
(830,	'54079',	'GACCA202300830',	'Fundementals of Soft Computing',	'Kunral Barua Prof.Prasun Chakrabati',	'BPB Publications',	'360',	NULL,	NULL,	1,	NULL,	1),
(831,	'54080',	'GACCA202300831',	'Getting Started with Chatbot',	'Akhil Mittal',	'BPB Publications',	'397',	NULL,	NULL,	1,	NULL,	1),
(832,	'54081',	'GACCA202300832',	'A Practical Approach for Machine Learning and Deep Learning Algorithms',	'Abhishek Kumar Pandey,Pramed Singh Rathor & Dr.S.Balamurugan',	'BPB Publications',	'498',	NULL,	NULL,	1,	NULL,	1),
(833,	'54082',	'GACCA202300833',	'Microsoft Excel Functions and Formulas',	'Beind Held & Theedor Richadson',	'BPB Publications',	'495',	NULL,	NULL,	1,	NULL,	1),
(834,	'54083',	'GACCA202300834',	'Object Oriented Programming with Angular',	'Balram Chaven',	'BPB Publications',	'799',	NULL,	NULL,	1,	NULL,	1),
(835,	'54084',	'GACCA202300835',	'Microsoft Office 2010',	'Prof Saithan Jain M.Geetha Krarika',	'BPB Publications',	'225',	NULL,	NULL,	1,	NULL,	1),
(836,	'54085',	'GACCA202300836',	'PHP & MYSQL in easy steps',	'Mike Mcgrath',	'BPB Publications',	'330',	NULL,	NULL,	1,	NULL,	1),
(837,	'54086',	'GACCA202300837',	'PHP Beginner&#39;s Practical Guide',	'Pratiyush Guleina',	'BPB Publications',	'330',	NULL,	NULL,	1,	NULL,	1),
(838,	'54087',	'GACCA202300838',	'Python 3 Image Processing',	'Ashwin Panjankar',	'BPB Publications',	'360',	NULL,	NULL,	1,	NULL,	1),
(839,	'54088',	'GACCA202300839',	'Python Data Persistence with SQL and NOSQL Database',	'Malhar Lathkar',	'BPB Publications',	'330',	NULL,	NULL,	1,	NULL,	1),
(840,	'54089',	'GACCA202300840',	'Web Enabled Coomercial Application Using HTML Javascript DHTML and PHP',	'Ivan Bayross',	'BPB Publications',	'495',	NULL,	NULL,	1,	NULL,	1),
(841,	'54090',	'GACCA202300841',	'Web Technologies',	'Dr.Shruthi Kohli',	'BPB Publications',	'499',	NULL,	NULL,	1,	NULL,	1),
(842,	'54091',	'GACCA202300842',	'Windows 10 in easy steps',	'Nick Vandome ',	'BPB Publications',	'330',	NULL,	NULL,	1,	NULL,	1),
(843,	'54092',	'GACCA202300843',	'Writing Quality Research Papers',	'Dr.Pawan Singh',	'BPB Publications',	'390',	NULL,	NULL,	1,	NULL,	1),
(844,	'54093',	'GACCA202300844',	'Blockchain Technology',	'Chandramouli,Subramanian,Asha A.Geargeeral',	'BPB Publications',	'795',	NULL,	NULL,	1,	NULL,	1),
(845,	'54094',	'GACCA202300845',	'Data Analytics',	'Anil Maheshwari',	'BPB Publications',	'416',	NULL,	NULL,	1,	NULL,	1),
(846,	'54283',	'GACCA202300846',	'Python Distilled',	'David M.Bea2ley',	'Pearson',	'525',	NULL,	NULL,	1,	NULL,	1),
(847,	'54284',	'GACCA202300847',	'Data Analytics',	'Anil Maheshwari',	'Mc Grew Hill',	'555',	NULL,	NULL,	1,	NULL,	1),
(848,	'54285',	'GACCA202300848',	'Data Analytics',	'Anil Maheshwari',	'Mc Grew Hill',	'555',	NULL,	NULL,	1,	NULL,	1),
(849,	'54286',	'GACCA202300849',	'Programming and Problem Solving with Python',	'Ashok Namdev Kamthane eral',	'Mc Grew Hill',	'695',	NULL,	NULL,	1,	NULL,	1),
(850,	'54287',	'GACCA202300850',	'Programming and Problem Solving with Python',	'Ashok Namdev Kamthane eral',	'Mc Grew Hill',	'695',	NULL,	NULL,	1,	NULL,	1),
(851,	'54288',	'GACCA202300851',	'Machine Learning in Data Science Using Python',	'Dr.R.Nageshwaran Rao',	'Dream Tech',	'899',	NULL,	NULL,	1,	NULL,	1),
(852,	'54289',	'GACCA202300852',	'R Projects for Dummies',	'Joseph Schmuller',	'Wiley',	'599',	NULL,	NULL,	1,	NULL,	1),
(853,	'54290',	'GACCA202300853',	'Problem Solving Using Python',	'S.A.Kulkarani',	'Yesdee',	'195',	NULL,	NULL,	1,	NULL,	1),
(854,	'54291',	'GACCA202300854',	'Problem Solving Using Python',	'S.A.Kulkarani',	'Yesdee',	'195',	NULL,	NULL,	1,	NULL,	1),
(855,	'54292',	'GACCA202300855',	'Let us Python',	'Yashwant kanetkar Adithya Kanetkar',	'BPB Publications',	'399',	NULL,	NULL,	1,	NULL,	1),
(856,	'54293',	'GACCA202300856',	'Let us Python',	'Yashwant kanetkar Adithya Kanetkar',	'BPB Publications',	'399',	NULL,	NULL,	1,	NULL,	1),
(857,	'54294',	'GACCA202300857',	'Internet of Things for beginners',	'P.B.Pankajavall G.S.Karthick',	'Yesdee',	'175',	NULL,	NULL,	1,	NULL,	1),
(858,	'54295',	'GACCA202300858',	'Machine Learning Using R',	'Kumar Rahul V.Dineshkumar',	'Wiley',	'779',	NULL,	NULL,	1,	NULL,	1),
(859,	'54296',	'GACCA202300859',	'Data Analytics Using Python',	'Bharti Morwani',	'Wiley',	'769',	NULL,	NULL,	1,	NULL,	1),
(860,	'54297',	'GACCA202300860',	'Machine Learning  (in Python and R) for Dummies',	'John Poul heller Lula Massaion',	'Wiley',	'691',	NULL,	NULL,	1,	NULL,	1);

DROP TABLE IF EXISTS `department`;
CREATE TABLE `department` (
  `did` int(11) NOT NULL AUTO_INCREMENT,
  `dname` varchar(150) NOT NULL,
  PRIMARY KEY (`did`)
) ENGINE=InnoDB DEFAULT CHARSET=latin1 COLLATE=latin1_swedish_ci;

INSERT INTO `department` (`did`, `dname`) VALUES
(1,	'B.C.A.Computer application'),
(2,	'M.C.A.Computer application'),
(3,	'Ph.D.');

DROP TABLE IF EXISTS `designation`;
CREATE TABLE `designation` (
  `id` int(11) NOT NULL AUTO_INCREMENT,
  `designation` varchar(150) NOT NULL,
  PRIMARY KEY (`id`)
) ENGINE=InnoDB DEFAULT CHARSET=latin1 COLLATE=latin1_swedish_ci;

INSERT INTO `designation` (`id`, `designation`) VALUES
(1,	'Professor'),
(2,	'Assistant Professor'),
(3,	'Lecturer'),
(4,	'Guest Lecture');

DROP TABLE IF EXISTS `request_mgs`;
CREATE TABLE `request_mgs` (
  `id` int(11) NOT NULL AUTO_INCREMENT,
  `requester_id` int(11) NOT NULL,
  `receiver_id` int(11) NOT NULL,
  `messagee` text NOT NULL,
  `bcode` varchar(26) NOT NULL,
  `is_seen` int(11) NOT NULL,
  `is_seen_admin` int(11) NOT NULL,
  `req_role` varchar(12) NOT NULL,
  `rec_role` varchar(12) NOT NULL,
  `rec_date` date NOT NULL DEFAULT '0000-00-00',
  `remark` varchar(500) DEFAULT NULL,
  `status` int(11) NOT NULL,
  PRIMARY KEY (`id`)
) ENGINE=InnoDB DEFAULT CHARSET=latin1 COLLATE=latin1_swedish_ci;

INSERT INTO `request_mgs` (`id`, `requester_id`, `receiver_id`, `messagee`, `bcode`, `is_seen`, `is_seen_admin`, `req_role`, `rec_role`, `rec_date`, `remark`, `status`) VALUES
(63,	1,	3,	'The Book Barcode: GACCA202300001 wanted to admin admin.',	'GACCA202300001',	0,	1,	'admin',	'staff',	'2023-09-26',	NULL,	1);

DELIMITER ;;

CREATE TRIGGER `prevent_duplicate_roles` BEFORE INSERT ON `request_mgs` FOR EACH ROW
BEGIN
    DECLARE existing_role VARCHAR(12);
    SELECT `req_role` INTO existing_role FROM `request_mgs` WHERE `requester_id` = NEW.`requester_id` AND `receiver_id` = NEW.`receiver_id` AND `req_role` = NEW.`req_role` AND `BCODE` = NEW.`bcode`  AND `is_seen`!=1;
    IF existing_role IS NOT NULL THEN
        SIGNAL SQLSTATE '45000'
        SET MESSAGE_TEXT = 'Already Requested';
    END IF;
END;;

DELIMITER ;

DROP TABLE IF EXISTS `settings`;
CREATE TABLE `settings` (
  `id` int(11) NOT NULL AUTO_INCREMENT,
  `app_name` varchar(30) NOT NULL,
  `app_decp` varchar(300) DEFAULT NULL,
  `app_logo` varchar(80) NOT NULL,
  `fine` int(11) NOT NULL,
  `fine_stf_days` int(11) NOT NULL,
  `fine_std_days` int(11) NOT NULL,
  `smtp_host` varchar(33) NOT NULL,
  `smtp_port` varchar(10) NOT NULL,
  `smtp_user` varchar(30) NOT NULL,
  `smtp_pass` varchar(30) NOT NULL,
  `smtp_sec_type` enum('ssl','tls') NOT NULL,
  PRIMARY KEY (`id`)
) ENGINE=InnoDB DEFAULT CHARSET=latin1 COLLATE=latin1_swedish_ci;

INSERT INTO `settings` (`id`, `app_name`, `app_decp`, `app_logo`, `fine`, `fine_stf_days`, `fine_std_days`, `smtp_host`, `smtp_port`, `smtp_user`, `smtp_pass`, `smtp_sec_type`) VALUES
(1,	'GAC-CA LMS',	'In principle and reality, libraries are life-enhancing palaces of wonder',	'assets/logo.png',	5,	1,	1,	'smtp.gmail.com',	'465',	'computersearch4@gmail.com',	'ahjivkwizjqsytuk',	'ssl');

DROP TABLE IF EXISTS `shelf`;
CREATE TABLE `shelf` (
  `id` int(11) NOT NULL AUTO_INCREMENT,
  `alamara` varchar(10) NOT NULL,
  `rack` varchar(10) NOT NULL,
  `count` varchar(10) NOT NULL,
  `side` varchar(10) NOT NULL,
  `barrowed_list` varchar(512) NOT NULL,
  `status` int(11) NOT NULL,
  PRIMARY KEY (`id`)
) ENGINE=InnoDB DEFAULT CHARSET=latin1 COLLATE=latin1_swedish_ci;

INSERT INTO `shelf` (`id`, `alamara`, `rack`, `count`, `side`, `barrowed_list`, `status`) VALUES
(1,	'B1',	'R1',	'20',	'Front',	'0',	1),
(2,	'B1',	'R1',	'20',	'Back',	'0',	1),
(3,	'B1',	'R2',	'20',	'Front',	'0',	1),
(4,	'B1',	'R2',	'20',	'Back',	'0',	1),
(5,	'B2',	'R1',	'20',	'Front',	'0',	1),
(6,	'B2',	'R1',	'20',	'Back',	'0',	1),
(7,	'B2',	'R2',	'20',	'Front',	'0',	1),
(8,	'B2',	'R2',	'20',	'Back',	'0',	1);

DROP TABLE IF EXISTS `staff`;
CREATE TABLE `staff` (
  `sid` int(11) NOT NULL AUTO_INCREMENT,
  `regno` varchar(24) NOT NULL,
  `spass` varchar(150) NOT NULL,
  `sname` varchar(150) NOT NULL,
  `semail` varchar(200) NOT NULL,
  `did` int(11) NOT NULL,
  `designid` int(11) NOT NULL,
  `contact` varchar(150) NOT NULL,
  `gender` enum('male','female') NOT NULL,
  `image` varchar(300) NOT NULL,
  `Validity` date DEFAULT NULL,
  `remark` varbinary(500) DEFAULT NULL,
  `role` char(20) NOT NULL,
  PRIMARY KEY (`sid`),
  KEY `id` (`designid`),
  KEY `did` (`did`),
  CONSTRAINT `staff_ibfk_2` FOREIGN KEY (`designid`) REFERENCES `designation` (`id`),
  CONSTRAINT `staff_ibfk_4` FOREIGN KEY (`did`) REFERENCES `department` (`did`)
) ENGINE=InnoDB DEFAULT CHARSET=latin1 COLLATE=latin1_swedish_ci;

INSERT INTO `staff` (`sid`, `regno`, `spass`, `sname`, `semail`, `did`, `designid`, `contact`, `gender`, `image`, `Validity`, `remark`, `role`) VALUES
(1,	'CAF0001',	'$2y$10$cc6gxtX684lqACa1.Zn8Nu4nR4Tx5NfuQIZM3Nja8kMenRKTiIfda',	'Dr.A.KANGAIAMMAL',	'indurath2007@gmail.com',	1,	2,	'9787897342',	'female',	'assets/staff/female.png',	'2033-12-06',	UNHEX(''),	'staff'),
(2,	'CAF0002',	'$2y$10$LzfeQ8XxPBLkFWIMgjF/We9VxcnovTG60n4Zs8GhGZv5kLLfO0NmS',	'Dr.C.SENTHAMARAI',	'senthamaraiksrct@gmail.com',	1,	2,	'9443946683',	'female',	'assets/staff/female.png',	'2027-06-30',	UNHEX(''),	'staff'),
(3,	'CAF0003',	'$2y$10$epwsCKAVARqBPwjCKW8HXerI3R3dZ87NYUxM34Do.KqL6c1eYXkZm',	'V.GANDHIRAJA',	'gandhiraja06@gmail.com',	1,	2,	'9344214829',	'male',	'assets/staff/male.png',	'2038-12-05',	UNHEX(''),	'staff'),
(4,	'CAF0004',	'$2y$10$/EHsHXHmjOWtHGbpjyvXuuqthiGdbW.50Ygl9fB7MScP8S/NE90Me',	'S.PREETHA',	'preesithan@gmail.com',	1,	4,	'8608668102',	'female',	'assets/staff/female.png',	'0000-00-00',	UNHEX(''),	'staff'),
(5,	'CAF0005',	'$2y$10$4.vzjBdNlXZZE7Ee16eMZOStlpduRPGmcxqlV.Dxn0Y.rTGA7Q8aa',	'M.SELVAKUMAR',	'mselvaamca@gmail.com',	1,	4,	'9944556773',	'male',	'assets/staff/male.png',	'0000-00-00',	UNHEX(''),	'staff'),
(6,	'CAF0006',	'$2y$10$0IhnZbwN6TARsMtMuUxO2ejWW2NISC2hFpnnrRvBbx.ayjX6baQK.',	'K.GEETHA',	'geethagacslm7@gmail.com',	1,	4,	'9677444046',	'female',	'assets/staff/female.png',	'0000-00-00',	UNHEX(''),	'staff'),
(7,	'CAF0007',	'$2y$10$DMLznvHVQz./lu3/bjsfM.lRGKlOtwyOmDJOvmlxXCiWchirlJaJe',	'D.DURGA',	'durganeelavathi19@gmail.com',	1,	4,	'8754257776',	'female',	'assets/staff/female.png',	'0000-00-00',	UNHEX(''),	'staff'),
(8,	'CAF0008',	'$2y$10$1fGu6ukp.N9r0eG/oksCWOWeIitK.PoeIT31dwMLS5ervZlFLC7YC',	'A.RAJALAKSHMI',	'rajalakshmislm8@gmail.com',	1,	4,	'9025441815',	'female',	'assets/staff/female.png',	'0000-00-00',	UNHEX(''),	'staff'),
(9,	'CAF0009',	'$2y$10$Zi/SH4aKvEEGzmTN.Mk4SexfanAIDi/i/f14aLmEfcwNnXLkgVpXu',	'C.ELAMATHI',	'elamathithangaraju@gmail.com',	1,	4,	'7094199313',	'female',	'assets/staff/female.png',	'0000-00-00',	UNHEX(''),	'staff'),
(10,	'CAF0010',	'$2y$10$LhQZPVjy5KGobGJDeKq8XeZdvKVH6lkv8Xa/3n19v19m45BETP2cC',	'Dr.C.SATHYA CHARANYA',	'convey2sathya@gmail.com',	1,	4,	'9976212020',	'female',	'assets/staff/female.png',	'0000-00-00',	UNHEX(''),	'staff'),
(11,	'CAF0011',	'$2y$10$ulZKlzQd.dF.4AZqhezPcuDAOO7EwrxNyqNtTiSc1ceUozDLmsCa6',	'S.RAJESHKANNAN',	'rk278919@gmail.com',	1,	4,	'6379856897',	'male',	'assets/staff/male.png',	'0000-00-00',	UNHEX(''),	'staff');

DROP TABLE IF EXISTS `staff_department`;
CREATE TABLE `staff_department` (
  `id` int(11) NOT NULL AUTO_INCREMENT,
  `s_d_name` varchar(64) NOT NULL,
  PRIMARY KEY (`id`)
) ENGINE=InnoDB DEFAULT CHARSET=latin1 COLLATE=latin1_swedish_ci;

INSERT INTO `staff_department` (`id`, `s_d_name`) VALUES
(1,	'Computer Application');

DROP TABLE IF EXISTS `students`;
CREATE TABLE `students` (
  `st_id` int(11) NOT NULL AUTO_INCREMENT,
  `regno` varchar(24) NOT NULL,
  `sname` varchar(150) NOT NULL,
  `spass` varchar(150) NOT NULL,
  `gender` enum('boy','girl') NOT NULL,
  `stemail` varchar(200) DEFAULT NULL,
  `Contact` varchar(12) DEFAULT NULL,
  `did` int(11) NOT NULL,
  `year` varchar(20) NOT NULL,
  `shift` varchar(5) NOT NULL,
  `image` varchar(150) NOT NULL,
  `Validity` date DEFAULT NULL,
  `remarks` varchar(500) DEFAULT NULL,
  `role` char(20) NOT NULL,
  PRIMARY KEY (`st_id`)
) ENGINE=InnoDB DEFAULT CHARSET=latin1 COLLATE=latin1_swedish_ci;

INSERT INTO `students` (`st_id`, `regno`, `sname`, `spass`, `gender`, `stemail`, `Contact`, `did`, `year`, `shift`, `image`, `Validity`, `remarks`, `role`) VALUES
(29,	'123',	'123',	'$2y$10$dHVbR5ktBfTnvMukbs6rUuoN.jokcQBJBpWJ4bbWdq6NKS3TSaKpu',	'boy',	'k.dhanajayan1999@gmail.com',	'123',	1,	'2023',	'I',	'assets/student/boy.png',	'0000-00-00',	NULL,	'student');

-- 2023-10-01 04:19:27
